#2026 09 11 14:17:33.608#Z#INFO#88040301-adeb-11f1-97e5-eeee0a8730ad.OPERATION#http-nio-0.0.0.0-8080-exec-22#
[XS2StartProcessListener] Operation ID: 88040301-adeb-11f1-97e5-eeee0a8730ad#
#2026 09 11 14:17:33.631#Z#DEBUG#88040301-adeb-11f1-97e5-eeee0a8730ad.OPERATION#http-nio-0.0.0.0-8080-exec-22#
[XS2StartProcessListener] Process environment: {
  "SKIP_SSL_VALIDATION" : "false",
  "FLOWABLE_JOB_EXECUTOR_MAX_THREADS" : "32",
  "VERSION" : "2.53.0",
  "BASIC_AUTH_ENABLED" : "true",
  "FLOWABLE_JOB_EXECUTOR_QUEUE_CAPACITY" : "16",
  "FLOWABLE_JOB_EXECUTOR_CORE_THREADS" : "8"
}#
#2026 09 11 14:17:33.631#Z#DEBUG#88040301-adeb-11f1-97e5-eeee0a8730ad.OPERATION#http-nio-0.0.0.0-8080-exec-22#
[XS2StartProcessListener] Current user: ravikrishna@mindsetconsulting.com#
#2026 09 11 14:17:33.631#Z#DEBUG#88040301-adeb-11f1-97e5-eeee0a8730ad.OPERATION#http-nio-0.0.0.0-8080-exec-22#
[XS2StartProcessListener] Client space: build#
#2026 09 11 14:17:33.631#Z#DEBUG#88040301-adeb-11f1-97e5-eeee0a8730ad.OPERATION#http-nio-0.0.0.0-8080-exec-22#
[XS2StartProcessListener] Client organization: mindset-development#
#2026 09 11 14:17:33.631#Z#INFO#88040301-adeb-11f1-97e5-eeee0a8730ad.OPERATION#http-nio-0.0.0.0-8080-exec-22#
[XS2StartProcessListener] Process variables: {
  "keepFiles" : false,
  "skipAppDigestCalculation" : false,
  "abortOnError" : false,
  "mtaId" : "workorder-ai",
  "noFailOnMissingPermissions" : false,
  "isSecurityEnabled" : false,
  "apiRequestPath" : "https://deploy-service.cf.us10-001.hana.ondemand.com/api/v1/spaces/6c6281a3-4cde-42a5-bd72-f05fe5e9f01f/operations",
  "deleteServiceBrokers" : false,
  "appArchiveId" : "d8b7d5c9-4ef3-44a9-9825-bcfd80a8520f,21d818af-9eef-4b7f-9bc1-db2b2871204c,4a3eea2e-3ef2-413c-b030-a369bcc6343c,362b9b53-1192-46c6-b6e5-3b57bc539c8d,ed50382f-20ae-499c-8346-4c686fab4cd7,6f253201-7ecd-454c-ba2a-928397b69495,e931334c-a195-4b93-85c1-10ede4caee3e,d38d1a92-aba7-436f-bece-4b8beb331918",
  "isDisposableUserProvidedServiceEnabled" : false,
  "deleteServiceKeys" : false,
  "noRestartSubscribedApps" : false,
  "noStart" : false,
  "deleteServices" : false
}#
#2026 09 11 14:17:34.004#Z#DEBUG#88040301-adeb-11f1-97e5-eeee0a8730ad.OPERATION#flowable-async-job-executor-thread-3484#
[ValidateDeployParametersStep] Executing task "validateParametersTask" of process "88040327-adeb-11f1-97e5-eeee0a8730ad"...#
#2026 09 11 14:17:34.004#Z#DEBUG#88040301-adeb-11f1-97e5-eeee0a8730ad.OPERATION#flowable-async-job-executor-thread-3484#
[ValidateDeployParametersStep] Validating parameters...#
#2026 09 11 14:17:34.023#Z#INFO#88040301-adeb-11f1-97e5-eeee0a8730ad.OPERATION#flowable-async-job-executor-thread-3484#
[ValidateDeployParametersStep] Size of mtars is 331,841,581 and size of extension descriptors is 0#
#2026 09 11 14:17:34.023#Z#INFO#88040301-adeb-11f1-97e5-eeee0a8730ad.OPERATION#flowable-async-job-executor-thread-3484#
[ValidateDeployParametersStep] Archive was split to: 8 parts. Total size in bytes: 331,841,581. Uploading started...#
#2026 09 11 14:17:34.035#Z#DEBUG#88040301-adeb-11f1-97e5-eeee0a8730ad.OPERATION#pool-10-thread-3#
[ValidateDeployParametersStep] Opening a new input stream for file with ID: 6f253201-7ecd-454c-ba2a-928397b69495 and name: workorder-ai_1.0.0.mtar.part.0#
#2026 09 11 14:17:34.636#Z#DEBUG#88040301-adeb-11f1-97e5-eeee0a8730ad.OPERATION#pool-10-thread-3#
[ValidateDeployParametersStep] Opening a new input stream for file with ID: 21d818af-9eef-4b7f-9bc1-db2b2871204c and name: workorder-ai_1.0.0.mtar.part.1#
#2026 09 11 14:17:35.357#Z#DEBUG#88040301-adeb-11f1-97e5-eeee0a8730ad.OPERATION#pool-10-thread-3#
[ValidateDeployParametersStep] Opening a new input stream for file with ID: d38d1a92-aba7-436f-bece-4b8beb331918 and name: workorder-ai_1.0.0.mtar.part.2#
#2026 09 11 14:17:36.039#Z#DEBUG#88040301-adeb-11f1-97e5-eeee0a8730ad.OPERATION#pool-10-thread-3#
[ValidateDeployParametersStep] Opening a new input stream for file with ID: 4a3eea2e-3ef2-413c-b030-a369bcc6343c and name: workorder-ai_1.0.0.mtar.part.3#
#2026 09 11 14:17:36.914#Z#DEBUG#88040301-adeb-11f1-97e5-eeee0a8730ad.OPERATION#pool-10-thread-3#
[ValidateDeployParametersStep] Opening a new input stream for file with ID: ed50382f-20ae-499c-8346-4c686fab4cd7 and name: workorder-ai_1.0.0.mtar.part.4#
#2026 09 11 14:17:37.513#Z#DEBUG#88040301-adeb-11f1-97e5-eeee0a8730ad.OPERATION#pool-10-thread-3#
[ValidateDeployParametersStep] Opening a new input stream for file with ID: 362b9b53-1192-46c6-b6e5-3b57bc539c8d and name: workorder-ai_1.0.0.mtar.part.5#
#2026 09 11 14:17:38.080#Z#DEBUG#88040301-adeb-11f1-97e5-eeee0a8730ad.OPERATION#pool-10-thread-3#
[ValidateDeployParametersStep] Opening a new input stream for file with ID: e931334c-a195-4b93-85c1-10ede4caee3e and name: workorder-ai_1.0.0.mtar.part.6#
#2026 09 11 14:17:38.916#Z#DEBUG#88040301-adeb-11f1-97e5-eeee0a8730ad.OPERATION#pool-10-thread-3#
[ValidateDeployParametersStep] Opening a new input stream for file with ID: d8b7d5c9-4ef3-44a9-9825-bcfd80a8520f and name: workorder-ai_1.0.0.mtar.part.7#
#2026 09 11 14:17:39.064#Z#INFO#88040301-adeb-11f1-97e5-eeee0a8730ad.OPERATION#flowable-async-job-executor-thread-3484#
[ValidateDeployParametersStep] Archive with ID: a6f1aebb-ba9d-4e7f-9f70-41f98ec4aee6 and name: workorder-ai_1.0.0.mtar was stored#
#2026 09 11 14:17:39.064#Z#INFO#88040301-adeb-11f1-97e5-eeee0a8730ad.OPERATION#flowable-async-job-executor-thread-3484#
[ValidateDeployParametersStep] Deploying in org "mindset-development" and space "build"#
#2026 09 11 14:17:39.071#Z#DEBUG#88040301-adeb-11f1-97e5-eeee0a8730ad.OPERATION#flowable-async-job-executor-thread-3484#
[ValidateDeployParametersStep] Parameters validated#
#2026 09 11 14:17:39.071#Z#DEBUG#88040301-adeb-11f1-97e5-eeee0a8730ad.OPERATION#flowable-async-job-executor-thread-3484#
Step "Validate Parameters" finished#
#2026 09 11 14:17:39.108#Z#DEBUG#88040301-adeb-11f1-97e5-eeee0a8730ad.OPERATION#flowable-async-job-executor-thread-3485#
[DeleteRemainingFileParts] Executing task "deleteRemainingFileParts" of process "88040327-adeb-11f1-97e5-eeee0a8730ad"...#
#2026 09 11 14:17:39.312#Z#DEBUG#88040301-adeb-11f1-97e5-eeee0a8730ad.OPERATION#flowable-async-job-executor-thread-3485#
Step "Delete Remaining File Parts" finished#
#2026 09 11 14:17:39.348#Z#DEBUG#88040301-adeb-11f1-97e5-eeee0a8730ad.OPERATION#flowable-async-job-executor-thread-3486#
[XS2ProcessMtaArchiveStep] Executing task "processArchiveTask" of process "88040327-adeb-11f1-97e5-eeee0a8730ad"...#
#2026 09 11 14:17:39.349#Z#DEBUG#88040301-adeb-11f1-97e5-eeee0a8730ad.OPERATION#flowable-async-job-executor-thread-3486#
[XS2ProcessMtaArchiveStep] Processing MTA archive...#
#2026 09 11 14:17:39.349#Z#DEBUG#88040301-adeb-11f1-97e5-eeee0a8730ad.OPERATION#flowable-async-job-executor-thread-3486#
[XS2ProcessMtaArchiveStep] MTA Archive ID: a6f1aebb-ba9d-4e7f-9f70-41f98ec4aee6#
#2026 09 11 14:17:43.429#Z#DEBUG#88040301-adeb-11f1-97e5-eeee0a8730ad.OPERATION#flowable-async-job-executor-thread-3486#
[XS2ProcessMtaArchiveStep] MTA Descriptor length: 1,182#
#2026 09 11 14:17:43.429#Z#DEBUG#88040301-adeb-11f1-97e5-eeee0a8730ad.OPERATION#flowable-async-job-executor-thread-3486#
[XS2ProcessMtaArchiveStep] MTA Archive Modules: [workorder-ai-db-deployer, workorder-ai-srv]#
#2026 09 11 14:17:43.429#Z#DEBUG#88040301-adeb-11f1-97e5-eeee0a8730ad.OPERATION#flowable-async-job-executor-thread-3486#
[XS2ProcessMtaArchiveStep] MTA Archive Requires: []#
#2026 09 11 14:17:43.429#Z#DEBUG#88040301-adeb-11f1-97e5-eeee0a8730ad.OPERATION#flowable-async-job-executor-thread-3486#
[XS2ProcessMtaArchiveStep] MTA Archive Resources: [workorder-ai-auth]#
#2026 09 11 14:17:43.443#Z#DEBUG#88040301-adeb-11f1-97e5-eeee0a8730ad.OPERATION#flowable-async-job-executor-thread-3486#
[XS2ProcessMtaArchiveStep] MTA archive processed#
#2026 09 11 14:17:43.443#Z#DEBUG#88040301-adeb-11f1-97e5-eeee0a8730ad.OPERATION#flowable-async-job-executor-thread-3486#
Step "Process Archive" finished#
#2026 09 11 14:17:43.483#Z#DEBUG#88040301-adeb-11f1-97e5-eeee0a8730ad.OPERATION#flowable-async-job-executor-thread-3487#
[ProcessMtaExtensionDescriptorsStep] Executing task "processExtensionDescriptorsTask" of process "88040327-adeb-11f1-97e5-eeee0a8730ad"...#
#2026 09 11 14:17:43.484#Z#DEBUG#88040301-adeb-11f1-97e5-eeee0a8730ad.OPERATION#flowable-async-job-executor-thread-3487#
[ProcessMtaExtensionDescriptorsStep] Processing MTA extension descriptors...#
#2026 09 11 14:17:43.485#Z#DEBUG#88040301-adeb-11f1-97e5-eeee0a8730ad.OPERATION#flowable-async-job-executor-thread-3487#
[ProcessMtaExtensionDescriptorsStep] Provided extension descriptors: [ ]#
#2026 09 11 14:17:43.485#Z#DEBUG#88040301-adeb-11f1-97e5-eeee0a8730ad.OPERATION#flowable-async-job-executor-thread-3487#
[ProcessMtaExtensionDescriptorsStep] No extension descriptors in use#
#2026 09 11 14:17:43.485#Z#DEBUG#88040301-adeb-11f1-97e5-eeee0a8730ad.OPERATION#flowable-async-job-executor-thread-3487#
[ProcessMtaExtensionDescriptorsStep] MTA extension descriptors processed#
#2026 09 11 14:17:43.485#Z#DEBUG#88040301-adeb-11f1-97e5-eeee0a8730ad.OPERATION#flowable-async-job-executor-thread-3487#
Step "Process Extension Descriptors" finished#
#2026 09 11 14:17:43.516#Z#DEBUG#88040301-adeb-11f1-97e5-eeee0a8730ad.OPERATION#flowable-async-job-executor-thread-3488#
[XS2DetectMtaSchemaVersionStep] Executing task "detectSchemaVersionTask" of process "88040327-adeb-11f1-97e5-eeee0a8730ad"...#
#2026 09 11 14:17:43.516#Z#DEBUG#88040301-adeb-11f1-97e5-eeee0a8730ad.OPERATION#flowable-async-job-executor-thread-3488#
[XS2DetectMtaSchemaVersionStep] Detecting MTA major schema version...#
#2026 09 11 14:17:43.518#Z#INFO#88040301-adeb-11f1-97e5-eeee0a8730ad.OPERATION#flowable-async-job-executor-thread-3488#
[XS2DetectMtaSchemaVersionStep] Detected MTA schema version: "3"#
#2026 09 11 14:17:43.522#Z#DEBUG#88040301-adeb-11f1-97e5-eeee0a8730ad.OPERATION#flowable-async-job-executor-thread-3488#
Step "Detect Schema Version" finished#
#2026 09 11 14:17:43.554#Z#DEBUG#88040301-adeb-11f1-97e5-eeee0a8730ad.OPERATION#flowable-async-job-executor-thread-3489#
[MergeDescriptorsStep] Executing task "mergeDescriptorsTask" of process "88040327-adeb-11f1-97e5-eeee0a8730ad"...#
#2026 09 11 14:17:43.554#Z#DEBUG#88040301-adeb-11f1-97e5-eeee0a8730ad.OPERATION#flowable-async-job-executor-thread-3489#
[MergeDescriptorsStep] Validating and merging descriptors...#
#2026 09 11 14:17:43.556#Z#DEBUG#88040301-adeb-11f1-97e5-eeee0a8730ad.OPERATION#flowable-async-job-executor-thread-3489#
[MergeDescriptorsStep] Merged deployment descriptor: {
  "majorSchemaVersion" : 3,
  "schemaVersion" : "3.3.0",
  "id" : "workorder-ai",
  "version" : "1.0.0",
  "modules" : [ {
    "majorSchemaVersion" : 3,
    "name" : "workorder-ai-srv",
    "type" : "javascript.nodejs",
    "path" : "workorder-ai-srv",
    "properties" : { },
    "parameters" : {
      "buildpack" : "nodejs_buildpack",
      "instances" : 1
    },
    "requiredDependencies" : [ {
      "majorSchemaVersion" : 3,
      "name" : "********",
      "properties" : { },
      "parameters" : { },
      "propertiesMetadata" : {
        "metadata" : { }
      },
      "parametersMetadata" : {
        "metadata" : { }
      }
    }, {
      "majorSchemaVersion" : 3,
      "name" : "workorder-ai-db",
      "properties" : { },
      "parameters" : { },
      "propertiesMetadata" : {
        "metadata" : { }
      },
      "parametersMetadata" : {
        "metadata" : { }
      }
    } ],
    "providedDependencies" : [ {
      "majorSchemaVersion" : 3,
      "name" : "srv-api",
      "isPublic" : false,
      "properties" : {
        "srv-url" : "${default-url}"
      },
      "parameters" : { },
      "propertiesMetadata" : {
        "metadata" : { }
      },
      "parametersMetadata" : {
        "metadata" : { }
      }
    }, {
      "majorSchemaVersion" : 3,
      "name" : "workorder-ai-srv",
      "isPublic" : false,
      "properties" : { },
      "parameters" : { },
      "propertiesMetadata" : {
        "metadata" : { }
      },
      "parametersMetadata" : {
        "metadata" : { }
      }
    } ],
    "propertiesMetadata" : {
      "metadata" : { }
    },
    "parametersMetadata" : {
      "metadata" : { }
    },
    "hooks" : [ ]
  }, {
    "majorSchemaVersion" : 3,
    "name" : "workorder-ai-db-deployer",
    "type" : "com.sap.xs.hdi",
    "path" : "workorder-ai-db-deployer",
    "properties" : {
      "EXIT" : 1
    },
    "parameters" : {
      "memory" : "256M",
      "buildpack" : "nodejs_buildpack",
      "no-route" : true,
      "dependency-type" : "hard",
      "tasks" : [ {
        "name" : "deploy",
        "memory" : "256M",
        "command" : "npm start"
      } ],
      "no-start" : true
    },
    "requiredDependencies" : [ {
      "majorSchemaVersion" : 3,
      "name" : "workorder-ai-db",
      "properties" : { },
      "parameters" : { },
      "propertiesMetadata" : {
        "metadata" : { }
      },
      "parametersMetadata" : {
        "metadata" : { }
      }
    } ],
    "providedDependencies" : [ {
      "majorSchemaVersion" : 3,
      "name" : "workorder-ai-db-deployer",
      "isPublic" : false,
      "properties" : { },
      "parameters" : { },
      "propertiesMetadata" : {
        "metadata" : { }
      },
      "parametersMetadata" : {
        "metadata" : { }
      }
    } ],
    "propertiesMetadata" : {
      "metadata" : { }
    },
    "parametersMetadata" : {
      "metadata" : { }
    },
    "hooks" : [ ]
  } ],
  "resources" : [ {
    "majorSchemaVersion" : 3,
    "name" : "********",
    "type" : "org.cloudfoundry.managed-service",
    "properties" : { },
    "parameters" : {
      "path" : "./xs-security.json",
      "service-plan" : "application",
      "type" : "managed-service",
      "config" : {
        "oauth2-configuration" : "********",
        "tenant-mode" : "dedicated",
        "xsappname" : "workorder-ai-${org}-${space}"
      },
      "service" : "xsuaa"
    },
    "isActive" : true,
    "isOptional" : false,
    "propertiesMetadata" : {
      "metadata" : { }
    },
    "parametersMetadata" : {
      "metadata" : { }
    },
    "requiredDependencies" : [ ],
    "processedAfter" : [ ]
  }, {
    "majorSchemaVersion" : 3,
    "name" : "workorder-ai-db",
    "type" : "com.sap.xs.hdi-container",
    "properties" : { },
    "parameters" : {
      "type" : "managed-service",
      "service" : "hana",
      "service-plan" : "hdi-shared"
    },
    "isActive" : true,
    "isOptional" : false,
    "propertiesMetadata" : {
      "metadata" : { }
    },
    "parametersMetadata" : {
      "metadata" : { }
    },
    "requiredDependencies" : [ ],
    "processedAfter" : [ ]
  } ],
  "parameters" : {
    "enable-parallel-deployments" : true
  },
  "parametersMetadata" : {
    "metadata" : { }
  }
}#
#2026 09 11 14:17:43.558#Z#DEBUG#88040301-adeb-11f1-97e5-eeee0a8730ad.OPERATION#flowable-async-job-executor-thread-3489#
[MergeDescriptorsStep] Descriptors validated and merged#
#2026 09 11 14:17:43.558#Z#DEBUG#88040301-adeb-11f1-97e5-eeee0a8730ad.OPERATION#flowable-async-job-executor-thread-3489#
Step "Merge Descriptors" finished#
#2026 09 11 14:17:43.593#Z#DEBUG#88040301-adeb-11f1-97e5-eeee0a8730ad.OPERATION#flowable-async-job-executor-thread-3490#
[CollectCloudLoggingServiceParametersStep] Executing task "sid-9C5714DF-CEC8-4019-8873-CBBA99AC459A" of process "88040327-adeb-11f1-97e5-eeee0a8730ad"...#
#2026 09 11 14:17:43.596#Z#DEBUG#88040301-adeb-11f1-97e5-eeee0a8730ad.OPERATION#flowable-async-job-executor-thread-3490#
Step "Collect Cloud Logging Service Parameters" finished#
#2026 09 11 14:17:43.625#Z#DEBUG#88040301-adeb-11f1-97e5-eeee0a8730ad.OPERATION#flowable-async-job-executor-thread-3491#
[DetectDeployedMtaStep] Executing task "detectDeployedMtaTask" of process "88040327-adeb-11f1-97e5-eeee0a8730ad"...#
#2026 09 11 14:17:43.626#Z#DEBUG#88040301-adeb-11f1-97e5-eeee0a8730ad.OPERATION#flowable-async-job-executor-thread-3491#
[DetectDeployedMtaStep] Detecting deployed MTA...#
#2026 09 11 14:17:43.686#Z#DEBUG#88040301-adeb-11f1-97e5-eeee0a8730ad.OPERATION#flowable-async-job-executor-thread-3491#
[DetectDeployedMtaStep] Detecting MTA by id workorder-ai and namespace null#
#2026 09 11 14:17:43.686#Z#DEBUG#88040301-adeb-11f1-97e5-eeee0a8730ad.OPERATION#flowable-async-job-executor-thread-3491#
[DetectDeployedMtaStep] Getting applications by metadata label selector "mta_id=f8782dad337731f264b12a975cde9315,!mta_namespace"...#
#2026 09 11 14:17:43.735#Z#DEBUG#88040301-adeb-11f1-97e5-eeee0a8730ad.OPERATION#flowable-async-job-executor-thread-3491#
[DetectDeployedMtaStep] Getting service instances by metadata label selector "mta_id=f8782dad337731f264b12a975cde9315,!mta_namespace"...#
#2026 09 11 14:17:43.849#Z#DEBUG#88040301-adeb-11f1-97e5-eeee0a8730ad.OPERATION#flowable-async-job-executor-thread-3491#
[DetectDeployedMtaStep] Deployed MTA: {
  "metadata" : {
    "id" : "workorder-ai",
    "version" : "1.0.0"
  },
  "applications" : [ {
    "name" : "workorder-ai-db-deployer",
    "metadata" : {
      "guid" : "b6a8c635-8387-4f8d-b420-3a2ae6751e3c",
      "createdAt" : [ 2026, 9, 11, 13, 37, 21 ],
      "updatedAt" : [ 2026, 9, 11, 13, 38, 20 ]
    },
    "v3Metadata" : {
      "annotations" : {
        "mta_id" : "workorder-ai",
        "mta_version" : "1.0.0",
        "mta_module" : "{\"name\":\"workorder-ai-db-deployer\"}",
        "mta_module_provided_dependencies" : "[]",
        "mta_bound_services" : "[\"workorder-ai-db\"]"
      },
      "labels" : {
        "mta_id" : "f8782dad337731f264b12a975cde9315"
      }
    },
    "state" : "STOPPED",
    "lifecycle" : {
      "type" : "BUILDPACK",
      "data" : {
        "buildpacks" : [ "nodejs_buildpack" ],
        "stack" : "cflinuxfs4"
      }
    },
    "space" : {
      "name" : "build",
      "metadata" : {
        "guid" : "6c6281a3-4cde-42a5-bd72-f05fe5e9f01f",
        "createdAt" : [ 2026, 3, 31, 20, 6, 40 ],
        "updatedAt" : [ 2026, 3, 31, 20, 6, 40 ]
      },
      "organization" : {
        "name" : "mindset-development",
        "metadata" : {
          "guid" : "bb93dc2c-71ad-4834-a699-8b1ec0b61d21",
          "createdAt" : [ 2026, 3, 31, 19, 35, 53 ],
          "updatedAt" : [ 2026, 3, 31, 20, 6, 2 ]
        }
      }
    },
    "moduleName" : "workorder-ai-db-deployer",
    "boundMtaServices" : [ "workorder-ai-db" ],
    "providedDependencyNames" : [ ],
    "productizationState" : "LIVE"
  }, {
    "name" : "workorder-ai-srv",
    "metadata" : {
      "guid" : "1ffb686e-4da7-4f4e-8273-4041ccbb6419",
      "createdAt" : [ 2026, 9, 11, 13, 37, 23 ],
      "updatedAt" : [ 2026, 9, 11, 13, 43, 5 ]
    },
    "v3Metadata" : {
      "annotations" : {
        "mta_id" : "workorder-ai",
        "mta_version" : "1.0.0",
        "mta_module" : "{\"name\":\"workorder-ai-srv\"}",
        "mta_module_provided_dependencies" : "[]",
        "mta_bound_services" : "********"
      },
      "labels" : {
        "mta_id" : "f8782dad337731f264b12a975cde9315"
      }
    },
    "state" : "STARTED",
    "lifecycle" : {
      "type" : "BUILDPACK",
      "data" : {
        "buildpacks" : [ "nodejs_buildpack" ],
        "stack" : "cflinuxfs4"
      }
    },
    "space" : {
      "name" : "build",
      "metadata" : {
        "guid" : "6c6281a3-4cde-42a5-bd72-f05fe5e9f01f",
        "createdAt" : [ 2026, 3, 31, 20, 6, 40 ],
        "updatedAt" : [ 2026, 3, 31, 20, 6, 40 ]
      },
      "organization" : {
        "name" : "mindset-development",
        "metadata" : {
          "guid" : "bb93dc2c-71ad-4834-a699-8b1ec0b61d21",
          "createdAt" : [ 2026, 3, 31, 19, 35, 53 ],
          "updatedAt" : [ 2026, 3, 31, 20, 6, 2 ]
        }
      }
    },
    "moduleName" : "workorder-ai-srv",
    "boundMtaServices" : [ "********", "workorder-ai-db" ],
    "providedDependencyNames" : [ ],
    "productizationState" : "LIVE"
  } ],
  "services" : [ {
    "name" : "workorder-ai-db",
    "metadata" : {
      "guid" : "a4e881ef-0d89-4938-b7f0-9b68547b31b5",
      "createdAt" : [ 2026, 9, 11, 13, 37, 5 ],
      "updatedAt" : [ 2026, 9, 11, 13, 37, 5 ]
    },
    "v3Metadata" : {
      "annotations" : {
        "mta_id" : "workorder-ai",
        "mta_version" : "1.0.0",
        "mta_resource" : "{\"name\":\"workorder-ai-db\"}"
      },
      "labels" : {
        "mta_id" : "f8782dad337731f264b12a975cde9315"
      }
    },
    "label" : "hana",
    "plan" : "hdi-shared",
    "credentials" : "********",
    "tags" : [ ],
    "type" : "managed",
    "lastOperation" : {
      "type" : "CREATE",
      "state" : "SUCCEEDED"
    },
    "resourceName" : "workorder-ai-db"
  }, {
    "name" : "********",
    "metadata" : {
      "guid" : "4ce22c27-23bd-480b-a11a-4ff08c06dd5f",
      "createdAt" : [ 2026, 9, 11, 13, 37, 4 ],
      "updatedAt" : [ 2026, 9, 11, 13, 37, 4 ]
    },
    "v3Metadata" : {
      "annotations" : {
        "mta_id" : "workorder-ai",
        "mta_version" : "1.0.0",
        "mta_resource" : "********"
      },
      "labels" : {
        "mta_id" : "f8782dad337731f264b12a975cde9315"
      }
    },
    "label" : "xsuaa",
    "plan" : "application",
    "credentials" : "********",
    "tags" : [ ],
    "type" : "managed",
    "lastOperation" : {
      "type" : "CREATE",
      "description" : "",
      "state" : "SUCCEEDED"
    },
    "resourceName" : "********"
  } ]
}#
#2026 09 11 14:17:43.849#Z#INFO#88040301-adeb-11f1-97e5-eeee0a8730ad.OPERATION#flowable-async-job-executor-thread-3491#
[DetectDeployedMtaStep] Detected deployed MTA with ID "workorder-ai" and version "1.0.0"#
#2026 09 11 14:17:43.854#Z#DEBUG#88040301-adeb-11f1-97e5-eeee0a8730ad.OPERATION#flowable-async-job-executor-thread-3491#
[DetectDeployedMtaStep] Detecting backup mta by id "workorder-ai" and namespace "null"#
#2026 09 11 14:17:43.854#Z#DEBUG#88040301-adeb-11f1-97e5-eeee0a8730ad.OPERATION#flowable-async-job-executor-thread-3491#
[DetectDeployedMtaStep] Getting applications by metadata label selector "mta_id=f8782dad337731f264b12a975cde9315,mta_namespace=b698114a0995e936895b9598a6c19a2c"...#
#2026 09 11 14:17:43.884#Z#DEBUG#88040301-adeb-11f1-97e5-eeee0a8730ad.OPERATION#flowable-async-job-executor-thread-3491#
[DetectDeployedMtaStep] Getting service instances by metadata label selector "mta_id=f8782dad337731f264b12a975cde9315,mta_namespace=b698114a0995e936895b9598a6c19a2c"...#
#2026 09 11 14:17:43.938#Z#DEBUG#88040301-adeb-11f1-97e5-eeee0a8730ad.OPERATION#flowable-async-job-executor-thread-3491#
[DetectDeployedMtaStep] Deployed MTA service keys: [ ]#
#2026 09 11 14:17:43.938#Z#DEBUG#88040301-adeb-11f1-97e5-eeee0a8730ad.OPERATION#flowable-async-job-executor-thread-3491#
Step "Detect Deployed MTA" finished#
#2026 09 11 14:17:43.977#Z#DEBUG#88040301-adeb-11f1-97e5-eeee0a8730ad.OPERATION#flowable-async-job-executor-thread-3484#
[XS2CollectSystemParametersStep] Executing task "collectSystemParametersTask" of process "88040327-adeb-11f1-97e5-eeee0a8730ad"...#
#2026 09 11 14:17:43.978#Z#DEBUG#88040301-adeb-11f1-97e5-eeee0a8730ad.OPERATION#flowable-async-job-executor-thread-3484#
[XS2CollectSystemParametersStep] Collecting system parameters...#
#2026 09 11 14:17:43.978#Z#DEBUG#88040301-adeb-11f1-97e5-eeee0a8730ad.OPERATION#flowable-async-job-executor-thread-3484#
[XS2CollectSystemParametersStep] Getting default domain...#
#2026 09 11 14:17:44.006#Z#DEBUG#88040301-adeb-11f1-97e5-eeee0a8730ad.OPERATION#flowable-async-job-executor-thread-3484#
[XS2CollectSystemParametersStep] Default domain: cfapps.us10-001.hana.ondemand.com#
#2026 09 11 14:17:44.006#Z#DEBUG#88040301-adeb-11f1-97e5-eeee0a8730ad.OPERATION#flowable-async-job-executor-thread-3484#
[XS2CollectSystemParametersStep] Checking for overwriting read-only parameters for mta with id: "workorder-ai"#
#2026 09 11 14:17:44.007#Z#DEBUG#88040301-adeb-11f1-97e5-eeee0a8730ad.OPERATION#flowable-async-job-executor-thread-3484#
[XS2CollectSystemParametersStep] No read-only parameters are overwritten#
#2026 09 11 14:17:44.019#Z#DEBUG#88040301-adeb-11f1-97e5-eeee0a8730ad.OPERATION#flowable-async-job-executor-thread-3484#
[XS2CollectSystemParametersStep] Descriptor with system parameters: {
  "majorSchemaVersion" : 3,
  "schemaVersion" : "3.3.0",
  "id" : "workorder-ai",
  "version" : "1.0.0",
  "modules" : [ {
    "majorSchemaVersion" : 3,
    "name" : "workorder-ai-srv",
    "type" : "javascript.nodejs",
    "path" : "workorder-ai-srv",
    "properties" : { },
    "parameters" : {
      "default-url" : "${protocol}://${default-uri}",
      "default-app-name" : "workorder-ai-srv",
      "generated-password" : "********",
      "default-live-url" : "${protocol}://${default-live-uri}",
      "default-uri" : "${host}.${domain}",
      "default-instances" : 1,
      "default-live-host" : "mindset-development-build-workorder-ai-srv",
      "instances" : 1,
      "buildpack" : "nodejs_buildpack",
      "default-host" : "mindset-development-build-workorder-ai-srv",
      "app-name" : "${default-app-name}",
      "default-live-uri" : "mindset-development-build-workorder-ai-srv.${domain}",
      "protocol" : "https",
      "default-live-app-name" : "workorder-ai-srv",
      "default-live-domain" : "cfapps.us10-001.hana.ondemand.com",
      "domain" : "${default-domain}",
      "host" : "${default-host}",
      "generated-user" : "********"
    },
    "requiredDependencies" : [ {
      "majorSchemaVersion" : 3,
      "name" : "********",
      "properties" : { },
      "parameters" : { },
      "propertiesMetadata" : {
        "metadata" : { }
      },
      "parametersMetadata" : {
        "metadata" : { }
      }
    }, {
      "majorSchemaVersion" : 3,
      "name" : "workorder-ai-db",
      "properties" : { },
      "parameters" : { },
      "propertiesMetadata" : {
        "metadata" : { }
      },
      "parametersMetadata" : {
        "metadata" : { }
      }
    } ],
    "providedDependencies" : [ {
      "majorSchemaVersion" : 3,
      "name" : "srv-api",
      "isPublic" : false,
      "properties" : {
        "srv-url" : "${default-url}"
      },
      "parameters" : { },
      "propertiesMetadata" : {
        "metadata" : { }
      },
      "parametersMetadata" : {
        "metadata" : { }
      }
    }, {
      "majorSchemaVersion" : 3,
      "name" : "workorder-ai-srv",
      "isPublic" : false,
      "properties" : { },
      "parameters" : { },
      "propertiesMetadata" : {
        "metadata" : { }
      },
      "parametersMetadata" : {
        "metadata" : { }
      }
    } ],
    "propertiesMetadata" : {
      "metadata" : { }
    },
    "parametersMetadata" : {
      "metadata" : { }
    },
    "hooks" : [ ]
  }, {
    "majorSchemaVersion" : 3,
    "name" : "workorder-ai-db-deployer",
    "type" : "com.sap.xs.hdi",
    "path" : "workorder-ai-db-deployer",
    "properties" : {
      "EXIT" : 1
    },
    "parameters" : {
      "default-url" : "${protocol}://${default-uri}",
      "default-app-name" : "workorder-ai-db-deployer",
      "generated-password" : "********",
      "default-live-url" : "${protocol}://${default-live-uri}",
      "default-uri" : "${host}.${domain}",
      "memory" : "256M",
      "default-instances" : 1,
      "no-route" : true,
      "default-live-host" : "mindset-development-build-workorder-ai-db-deployer",
      "instances" : "${default-instances}",
      "buildpack" : "nodejs_buildpack",
      "default-host" : "mindset-development-build-workorder-ai-db-deployer",
      "app-name" : "${default-app-name}",
      "default-live-uri" : "mindset-development-build-workorder-ai-db-deployer.${domain}",
      "protocol" : "https",
      "default-live-app-name" : "workorder-ai-db-deployer",
      "default-live-domain" : "cfapps.us10-001.hana.ondemand.com",
      "dependency-type" : "hard",
      "domain" : "${default-domain}",
      "host" : "${default-host}",
      "generated-user" : "********",
      "tasks" : [ {
        "name" : "deploy",
        "memory" : "256M",
        "command" : "npm start"
      } ],
      "no-start" : true
    },
    "requiredDependencies" : [ {
      "majorSchemaVersion" : 3,
      "name" : "workorder-ai-db",
      "properties" : { },
      "parameters" : { },
      "propertiesMetadata" : {
        "metadata" : { }
      },
      "parametersMetadata" : {
        "metadata" : { }
      }
    } ],
    "providedDependencies" : [ {
      "majorSchemaVersion" : 3,
      "name" : "workorder-ai-db-deployer",
      "isPublic" : false,
      "properties" : { },
      "parameters" : { },
      "propertiesMetadata" : {
        "metadata" : { }
      },
      "parametersMetadata" : {
        "metadata" : { }
      }
    } ],
    "propertiesMetadata" : {
      "metadata" : { }
    },
    "parametersMetadata" : {
      "metadata" : { }
    },
    "hooks" : [ ]
  } ],
  "resources" : [ {
    "majorSchemaVersion" : 3,
    "name" : "********",
    "type" : "org.cloudfoundry.managed-service",
    "properties" : { },
    "parameters" : {
      "generated-password" : "********",
      "path" : "./xs-security.json",
      "service-name" : "${default-service-name}",
      "service-plan" : "application",
      "service" : "xsuaa",
      "generated-user" : "********",
      "default-xsappname" : "********",
      "type" : "managed-service",
      "config" : {
        "oauth2-configuration" : "********",
        "tenant-mode" : "dedicated",
        "xsappname" : "workorder-ai-${org}-${space}"
      },
      "default-service-name" : "********",
      "default-container-name" : "********"
    },
    "isActive" : true,
    "isOptional" : false,
    "propertiesMetadata" : {
      "metadata" : { }
    },
    "parametersMetadata" : {
      "metadata" : { }
    },
    "requiredDependencies" : [ ],
    "processedAfter" : [ ]
  }, {
    "majorSchemaVersion" : 3,
    "name" : "workorder-ai-db",
    "type" : "com.sap.xs.hdi-container",
    "properties" : { },
    "parameters" : {
      "generated-password" : "********",
      "service-name" : "${default-service-name}",
      "service-plan" : "hdi-shared",
      "service" : "hana",
      "generated-user" : "********",
      "default-xsappname" : "workorder-ai-db",
      "type" : "managed-service",
      "default-service-name" : "workorder-ai-db",
      "default-container-name" : "MINDSET_DEVELOPMENT_BUILD_WORKORDER_AI_DB"
    },
    "isActive" : true,
    "isOptional" : false,
    "propertiesMetadata" : {
      "metadata" : { }
    },
    "parametersMetadata" : {
      "metadata" : { }
    },
    "requiredDependencies" : [ ],
    "processedAfter" : [ ]
  } ],
  "parameters" : {
    "mta-id" : "workorder-ai",
    "authorization-url" : "********",
    "org-guid" : "bb93dc2c-71ad-4834-a699-8b1ec0b61d21",
    "org" : "mindset-development",
    "deploy-target" : "mindset-development build",
    "enable-parallel-deployments" : true,
    "space" : "build",
    "xs-api-url" : "https://api.cf.us10-001.hana.ondemand.com",
    "deploy-url" : "deploy-service.cfapps.us10-001.hana.ondemand.com",
    "xs-type" : "CF",
    "default-domain" : "cfapps.us10-001.hana.ondemand.com",
    "mta-version" : "1.0.0",
    "xs-auth-url" : "********",
    "space-guid" : "6c6281a3-4cde-42a5-bd72-f05fe5e9f01f",
    "user" : "********",
    "controller-url" : "https://api.cf.us10-001.hana.ondemand.com",
    "timestamp" : "20260911141733"
  },
  "parametersMetadata" : {
    "metadata" : { }
  }
}#
#2026 09 11 14:17:44.022#Z#DEBUG#88040301-adeb-11f1-97e5-eeee0a8730ad.OPERATION#flowable-async-job-executor-thread-3484#
[XS2CollectSystemParametersStep] Version rule: SAME_HIGHER#
#2026 09 11 14:17:44.022#Z#INFO#88040301-adeb-11f1-97e5-eeee0a8730ad.OPERATION#flowable-async-job-executor-thread-3484#
[XS2CollectSystemParametersStep] Detected new MTA version: "1.0.0"#
#2026 09 11 14:17:44.027#Z#INFO#88040301-adeb-11f1-97e5-eeee0a8730ad.OPERATION#flowable-async-job-executor-thread-3484#
[XS2CollectSystemParametersStep] Deployed MTA version: "1.0.0"#
#2026 09 11 14:17:44.031#Z#DEBUG#88040301-adeb-11f1-97e5-eeee0a8730ad.OPERATION#flowable-async-job-executor-thread-3484#
[XS2CollectSystemParametersStep] MTA accepted for deployment#
#2026 09 11 14:17:44.031#Z#DEBUG#88040301-adeb-11f1-97e5-eeee0a8730ad.OPERATION#flowable-async-job-executor-thread-3484#
[XS2CollectSystemParametersStep] System parameters collected#
#2026 09 11 14:17:44.032#Z#DEBUG#88040301-adeb-11f1-97e5-eeee0a8730ad.OPERATION#flowable-async-job-executor-thread-3484#
Step "Collect System Parameters" finished#
#2026 09 11 14:17:44.069#Z#DEBUG#88040301-adeb-11f1-97e5-eeee0a8730ad.OPERATION#flowable-async-job-executor-thread-3485#
[ProcessDescriptorStep] Executing task "processDescriptorTask" of process "88040327-adeb-11f1-97e5-eeee0a8730ad"...#
#2026 09 11 14:17:44.070#Z#DEBUG#88040301-adeb-11f1-97e5-eeee0a8730ad.OPERATION#flowable-async-job-executor-thread-3485#
[ProcessDescriptorStep] Resolving properties and parameters in merged descriptor...#
#2026 09 11 14:17:44.074#Z#DEBUG#88040301-adeb-11f1-97e5-eeee0a8730ad.OPERATION#flowable-async-job-executor-thread-3485#
[ProcessDescriptorStep] Subscriptions: [ ]#
#2026 09 11 14:17:44.074#Z#DEBUG#88040301-adeb-11f1-97e5-eeee0a8730ad.OPERATION#flowable-async-job-executor-thread-3485#
[ProcessDescriptorStep] MTA modules: [workorder-ai-srv, workorder-ai-db-deployer]#
#2026 09 11 14:17:44.075#Z#DEBUG#88040301-adeb-11f1-97e5-eeee0a8730ad.OPERATION#flowable-async-job-executor-thread-3485#
[ProcessDescriptorStep] Resolved deployment descriptor: {
  "majorSchemaVersion" : 3,
  "schemaVersion" : "3.3.0",
  "id" : "workorder-ai",
  "version" : "1.0.0",
  "modules" : [ {
    "majorSchemaVersion" : 3,
    "name" : "workorder-ai-srv",
    "type" : "javascript.nodejs",
    "path" : "workorder-ai-srv",
    "properties" : { },
    "parameters" : {
      "default-url" : "https://mindset-development-build-workorder-ai-srv.cfapps.us10-001.hana.ondemand.com",
      "default-app-name" : "workorder-ai-srv",
      "generated-password" : "********",
      "default-live-url" : "https://mindset-development-build-workorder-ai-srv.cfapps.us10-001.hana.ondemand.com",
      "default-uri" : "mindset-development-build-workorder-ai-srv.cfapps.us10-001.hana.ondemand.com",
      "default-instances" : 1,
      "default-live-host" : "mindset-development-build-workorder-ai-srv",
      "instances" : 1,
      "buildpack" : "nodejs_buildpack",
      "default-host" : "mindset-development-build-workorder-ai-srv",
      "app-name" : "workorder-ai-srv",
      "default-live-uri" : "mindset-development-build-workorder-ai-srv.cfapps.us10-001.hana.ondemand.com",
      "protocol" : "https",
      "default-live-app-name" : "workorder-ai-srv",
      "default-live-domain" : "cfapps.us10-001.hana.ondemand.com",
      "domain" : "cfapps.us10-001.hana.ondemand.com",
      "host" : "mindset-development-build-workorder-ai-srv",
      "generated-user" : "********"
    },
    "requiredDependencies" : [ {
      "majorSchemaVersion" : 3,
      "name" : "********",
      "properties" : { },
      "parameters" : { },
      "propertiesMetadata" : {
        "metadata" : { }
      },
      "parametersMetadata" : {
        "metadata" : { }
      }
    }, {
      "majorSchemaVersion" : 3,
      "name" : "workorder-ai-db",
      "properties" : { },
      "parameters" : { },
      "propertiesMetadata" : {
        "metadata" : { }
      },
      "parametersMetadata" : {
        "metadata" : { }
      }
    } ],
    "providedDependencies" : [ {
      "majorSchemaVersion" : 3,
      "name" : "srv-api",
      "isPublic" : false,
      "properties" : {
        "srv-url" : "https://mindset-development-build-workorder-ai-srv.cfapps.us10-001.hana.ondemand.com"
      },
      "parameters" : { },
      "propertiesMetadata" : {
        "metadata" : { }
      },
      "parametersMetadata" : {
        "metadata" : { }
      }
    }, {
      "majorSchemaVersion" : 3,
      "name" : "workorder-ai-srv",
      "isPublic" : false,
      "properties" : { },
      "parameters" : { },
      "propertiesMetadata" : {
        "metadata" : { }
      },
      "parametersMetadata" : {
        "metadata" : { }
      }
    } ],
    "propertiesMetadata" : {
      "metadata" : { }
    },
    "parametersMetadata" : {
      "metadata" : { }
    },
    "hooks" : [ ]
  }, {
    "majorSchemaVersion" : 3,
    "name" : "workorder-ai-db-deployer",
    "type" : "com.sap.xs.hdi",
    "path" : "workorder-ai-db-deployer",
    "properties" : {
      "EXIT" : 1
    },
    "parameters" : {
      "default-url" : "https://mindset-development-build-workorder-ai-db-deployer.cfapps.us10-001.hana.ondemand.com",
      "default-app-name" : "workorder-ai-db-deployer",
      "generated-password" : "********",
      "default-live-url" : "https://mindset-development-build-workorder-ai-db-deployer.cfapps.us10-001.hana.ondemand.com",
      "default-uri" : "mindset-development-build-workorder-ai-db-deployer.cfapps.us10-001.hana.ondemand.com",
      "memory" : "256M",
      "default-instances" : 1,
      "no-route" : true,
      "default-live-host" : "mindset-development-build-workorder-ai-db-deployer",
      "instances" : 1,
      "buildpack" : "nodejs_buildpack",
      "default-host" : "mindset-development-build-workorder-ai-db-deployer",
      "app-name" : "workorder-ai-db-deployer",
      "default-live-uri" : "mindset-development-build-workorder-ai-db-deployer.cfapps.us10-001.hana.ondemand.com",
      "protocol" : "https",
      "default-live-app-name" : "workorder-ai-db-deployer",
      "default-live-domain" : "cfapps.us10-001.hana.ondemand.com",
      "dependency-type" : "hard",
      "domain" : "cfapps.us10-001.hana.ondemand.com",
      "host" : "mindset-development-build-workorder-ai-db-deployer",
      "generated-user" : "********",
      "tasks" : [ {
        "command" : "npm start",
        "memory" : "256M",
        "name" : "deploy"
      } ],
      "no-start" : true
    },
    "requiredDependencies" : [ {
      "majorSchemaVersion" : 3,
      "name" : "workorder-ai-db",
      "properties" : { },
      "parameters" : { },
      "propertiesMetadata" : {
        "metadata" : { }
      },
      "parametersMetadata" : {
        "metadata" : { }
      }
    } ],
    "providedDependencies" : [ {
      "majorSchemaVersion" : 3,
      "name" : "workorder-ai-db-deployer",
      "isPublic" : false,
      "properties" : { },
      "parameters" : { },
      "propertiesMetadata" : {
        "metadata" : { }
      },
      "parametersMetadata" : {
        "metadata" : { }
      }
    } ],
    "propertiesMetadata" : {
      "metadata" : { }
    },
    "parametersMetadata" : {
      "metadata" : { }
    },
    "hooks" : [ ]
  } ],
  "resources" : [ {
    "majorSchemaVersion" : 3,
    "name" : "********",
    "type" : "org.cloudfoundry.managed-service",
    "properties" : { },
    "parameters" : {
      "generated-password" : "********",
      "path" : "./xs-security.json",
      "service-name" : "********",
      "service-plan" : "application",
      "service" : "xsuaa",
      "generated-user" : "********",
      "default-xsappname" : "********",
      "type" : "managed-service",
      "config" : {
        "oauth2-configuration" : "********",
        "tenant-mode" : "dedicated",
        "xsappname" : "workorder-ai-mindset-development-build"
      },
      "default-service-name" : "********",
      "default-container-name" : "********"
    },
    "isActive" : true,
    "isOptional" : false,
    "propertiesMetadata" : {
      "metadata" : { }
    },
    "parametersMetadata" : {
      "metadata" : { }
    },
    "requiredDependencies" : [ ],
    "processedAfter" : [ ]
  }, {
    "majorSchemaVersion" : 3,
    "name" : "workorder-ai-db",
    "type" : "com.sap.xs.hdi-container",
    "properties" : { },
    "parameters" : {
      "generated-password" : "********",
      "service-name" : "workorder-ai-db",
      "service-plan" : "hdi-shared",
      "service" : "hana",
      "generated-user" : "********",
      "default-xsappname" : "workorder-ai-db",
      "type" : "managed-service",
      "default-service-name" : "workorder-ai-db",
      "default-container-name" : "MINDSET_DEVELOPMENT_BUILD_WORKORDER_AI_DB"
    },
    "isActive" : true,
    "isOptional" : false,
    "propertiesMetadata" : {
      "metadata" : { }
    },
    "parametersMetadata" : {
      "metadata" : { }
    },
    "requiredDependencies" : [ ],
    "processedAfter" : [ ]
  } ],
  "parameters" : {
    "mta-id" : "workorder-ai",
    "authorization-url" : "********",
    "org-guid" : "bb93dc2c-71ad-4834-a699-8b1ec0b61d21",
    "org" : "mindset-development",
    "deploy-target" : "mindset-development build",
    "enable-parallel-deployments" : true,
    "region-primary-domain" : "us10.hana.ondemand.com",
    "space" : "build",
    "region-domain" : "us10-001.hana.ondemand.com",
    "xs-api-url" : "https://api.cf.us10-001.hana.ondemand.com",
    "deploy-url" : "deploy-service.cfapps.us10-001.hana.ondemand.com",
    "xs-type" : "CF",
    "default-domain" : "cfapps.us10-001.hana.ondemand.com",
    "mta-version" : "1.0.0",
    "xs-auth-url" : "********",
    "space-guid" : "6c6281a3-4cde-42a5-bd72-f05fe5e9f01f",
    "user" : "********",
    "controller-url" : "https://api.cf.us10-001.hana.ondemand.com",
    "timestamp" : "20260911141733"
  },
  "parametersMetadata" : {
    "metadata" : { }
  }
}#
#2026 09 11 14:17:44.075#Z#DEBUG#88040301-adeb-11f1-97e5-eeee0a8730ad.OPERATION#flowable-async-job-executor-thread-3485#
[ProcessDescriptorStep] Merged descriptor properties and parameters resolved#
#2026 09 11 14:17:44.075#Z#DEBUG#88040301-adeb-11f1-97e5-eeee0a8730ad.OPERATION#flowable-async-job-executor-thread-3485#
Step "Process Descriptor Step" finished#
#2026 09 11 14:17:44.115#Z#DEBUG#88040301-adeb-11f1-97e5-eeee0a8730ad.OPERATION#flowable-async-job-executor-thread-3486#
[XS2BuildCloudDeployModelStep] Executing task "buildDeployModelTask" of process "88040327-adeb-11f1-97e5-eeee0a8730ad"...#
#2026 09 11 14:17:44.118#Z#DEBUG#88040301-adeb-11f1-97e5-eeee0a8730ad.OPERATION#flowable-async-job-executor-thread-3486#
[XS2BuildCloudDeployModelStep] Service keys defined for content deployment grouped by service name: { }#
#2026 09 11 14:17:44.119#Z#DEBUG#88040301-adeb-11f1-97e5-eeee0a8730ad.OPERATION#flowable-async-job-executor-thread-3486#
[XS2BuildCloudDeployModelStep] Building cloud deployment model...#
#2026 09 11 14:17:44.121#Z#DEBUG#88040301-adeb-11f1-97e5-eeee0a8730ad.OPERATION#flowable-async-job-executor-thread-3486#
[XS2BuildCloudDeployModelStep] MTA archive modules: [workorder-ai-db-deployer, workorder-ai-srv]#
#2026 09 11 14:17:44.121#Z#DEBUG#88040301-adeb-11f1-97e5-eeee0a8730ad.OPERATION#flowable-async-job-executor-thread-3486#
[XS2BuildCloudDeployModelStep] Deployed modules: [workorder-ai-db-deployer, workorder-ai-srv]#
#2026 09 11 14:17:44.122#Z#DEBUG#88040301-adeb-11f1-97e5-eeee0a8730ad.OPERATION#flowable-async-job-executor-thread-3486#
[XS2BuildCloudDeployModelStep] MTA modules: [workorder-ai-srv, workorder-ai-db-deployer]#
#2026 09 11 14:17:44.122#Z#DEBUG#88040301-adeb-11f1-97e5-eeee0a8730ad.OPERATION#flowable-async-job-executor-thread-3486#
[XS2BuildCloudDeployModelStep] Service keys to create: {
  "workorder-ai-auth" : "********",
  "workorder-ai-db" : [ ]
}#
#2026 09 11 14:17:44.123#Z#DEBUG#88040301-adeb-11f1-97e5-eeee0a8730ad.OPERATION#flowable-async-job-executor-thread-3486#
[XS2BuildCloudDeployModelStep] Modules to deploy: [{
  "majorSchemaVersion" : 3,
  "name" : "workorder-ai-srv",
  "type" : "javascript.nodejs",
  "path" : "workorder-ai-srv",
  "properties" : { },
  "parameters" : {
    "default-url" : "https://mindset-development-build-workorder-ai-srv.cfapps.us10-001.hana.ondemand.com",
    "default-app-name" : "workorder-ai-srv",
    "generated-password" : "********",
    "default-live-url" : "https://mindset-development-build-workorder-ai-srv.cfapps.us10-001.hana.ondemand.com",
    "default-uri" : "mindset-development-build-workorder-ai-srv.cfapps.us10-001.hana.ondemand.com",
    "default-instances" : 1,
    "default-live-host" : "mindset-development-build-workorder-ai-srv",
    "instances" : 1,
    "buildpack" : "nodejs_buildpack",
    "default-host" : "mindset-development-build-workorder-ai-srv",
    "app-name" : "workorder-ai-srv",
    "default-live-uri" : "mindset-development-build-workorder-ai-srv.cfapps.us10-001.hana.ondemand.com",
    "protocol" : "https",
    "default-live-app-name" : "workorder-ai-srv",
    "default-live-domain" : "cfapps.us10-001.hana.ondemand.com",
    "dependency-type" : "soft",
    "domain" : "cfapps.us10-001.hana.ondemand.com",
    "host" : "mindset-development-build-workorder-ai-srv",
    "generated-user" : "********"
  },
  "requiredDependencies" : [ {
    "majorSchemaVersion" : 3,
    "name" : "********",
    "properties" : { },
    "parameters" : { },
    "propertiesMetadata" : {
      "metadata" : { }
    },
    "parametersMetadata" : {
      "metadata" : { }
    }
  }, {
    "majorSchemaVersion" : 3,
    "name" : "workorder-ai-db",
    "properties" : { },
    "parameters" : { },
    "propertiesMetadata" : {
      "metadata" : { }
    },
    "parametersMetadata" : {
      "metadata" : { }
    }
  } ],
  "providedDependencies" : [ {
    "majorSchemaVersion" : 3,
    "name" : "srv-api",
    "isPublic" : false,
    "properties" : {
      "srv-url" : "https://mindset-development-build-workorder-ai-srv.cfapps.us10-001.hana.ondemand.com"
    },
    "parameters" : { },
    "propertiesMetadata" : {
      "metadata" : { }
    },
    "parametersMetadata" : {
      "metadata" : { }
    }
  }, {
    "majorSchemaVersion" : 3,
    "name" : "workorder-ai-srv",
    "isPublic" : false,
    "properties" : { },
    "parameters" : { },
    "propertiesMetadata" : {
      "metadata" : { }
    },
    "parametersMetadata" : {
      "metadata" : { }
    }
  } ],
  "propertiesMetadata" : {
    "metadata" : { }
  },
  "parametersMetadata" : {
    "metadata" : { }
  },
  "deployedAfter" : [ ],
  "hooks" : [ ]
}, {
  "majorSchemaVersion" : 3,
  "name" : "workorder-ai-db-deployer",
  "type" : "com.sap.xs.hdi",
  "path" : "workorder-ai-db-deployer",
  "properties" : {
    "EXIT" : 1
  },
  "parameters" : {
    "default-url" : "https://mindset-development-build-workorder-ai-db-deployer.cfapps.us10-001.hana.ondemand.com",
    "default-app-name" : "workorder-ai-db-deployer",
    "generated-password" : "********",
    "default-live-url" : "https://mindset-development-build-workorder-ai-db-deployer.cfapps.us10-001.hana.ondemand.com",
    "default-uri" : "mindset-development-build-workorder-ai-db-deployer.cfapps.us10-001.hana.ondemand.com",
    "memory" : "256M",
    "default-instances" : 1,
    "no-route" : true,
    "default-live-host" : "mindset-development-build-workorder-ai-db-deployer",
    "instances" : 1,
    "buildpack" : "nodejs_buildpack",
    "default-host" : "mindset-development-build-workorder-ai-db-deployer",
    "app-name" : "workorder-ai-db-deployer",
    "default-live-uri" : "mindset-development-build-workorder-ai-db-deployer.cfapps.us10-001.hana.ondemand.com",
    "protocol" : "https",
    "default-live-app-name" : "workorder-ai-db-deployer",
    "default-live-domain" : "cfapps.us10-001.hana.ondemand.com",
    "dependency-type" : "hard",
    "domain" : "cfapps.us10-001.hana.ondemand.com",
    "host" : "mindset-development-build-workorder-ai-db-deployer",
    "generated-user" : "********",
    "tasks" : [ {
      "command" : "npm start",
      "memory" : "256M",
      "name" : "deploy"
    } ],
    "no-start" : true
  },
  "requiredDependencies" : [ {
    "majorSchemaVersion" : 3,
    "name" : "workorder-ai-db",
    "properties" : { },
    "parameters" : { },
    "propertiesMetadata" : {
      "metadata" : { }
    },
    "parametersMetadata" : {
      "metadata" : { }
    }
  } ],
  "providedDependencies" : [ {
    "majorSchemaVersion" : 3,
    "name" : "workorder-ai-db-deployer",
    "isPublic" : false,
    "properties" : { },
    "parameters" : { },
    "propertiesMetadata" : {
      "metadata" : { }
    },
    "parametersMetadata" : {
      "metadata" : { }
    }
  } ],
  "propertiesMetadata" : {
    "metadata" : { }
  },
  "parametersMetadata" : {
    "metadata" : { }
  },
  "deployedAfter" : [ ],
  "hooks" : [ ]
}]#
#2026 09 11 14:17:44.124#Z#DEBUG#88040301-adeb-11f1-97e5-eeee0a8730ad.OPERATION#flowable-async-job-executor-thread-3486#
[XS2BuildCloudDeployModelStep] Custom domains: []#
#2026 09 11 14:17:44.126#Z#DEBUG#88040301-adeb-11f1-97e5-eeee0a8730ad.OPERATION#flowable-async-job-executor-thread-3486#
[XS2BuildCloudDeployModelStep] Calculating resource batches...#
#2026 09 11 14:17:44.126#Z#DEBUG#88040301-adeb-11f1-97e5-eeee0a8730ad.OPERATION#flowable-async-job-executor-thread-3486#
[XS2BuildCloudDeployModelStep] Calculating resource batches completed.#
#2026 09 11 14:17:44.126#Z#DEBUG#88040301-adeb-11f1-97e5-eeee0a8730ad.OPERATION#flowable-async-job-executor-thread-3486#
[XS2BuildCloudDeployModelStep] Cloud deployment model built#
#2026 09 11 14:17:44.126#Z#DEBUG#88040301-adeb-11f1-97e5-eeee0a8730ad.OPERATION#flowable-async-job-executor-thread-3486#
Step "Build Deploy Model" finished#
#2026 09 11 14:17:44.164#Z#DEBUG#88040301-adeb-11f1-97e5-eeee0a8730ad.OPERATION#flowable-async-job-executor-thread-3487#
[BuildCloudUndeployModelStep] Executing task "buildUndeployModelTask" of process "88040327-adeb-11f1-97e5-eeee0a8730ad"...#
#2026 09 11 14:17:44.164#Z#DEBUG#88040301-adeb-11f1-97e5-eeee0a8730ad.OPERATION#flowable-async-job-executor-thread-3487#
[BuildCloudUndeployModelStep] Building cloud undeployment model...#
#2026 09 11 14:17:44.166#Z#DEBUG#88040301-adeb-11f1-97e5-eeee0a8730ad.OPERATION#flowable-async-job-executor-thread-3487#
[BuildCloudUndeployModelStep] Detecting service keys to delete.#
#2026 09 11 14:17:44.167#Z#DEBUG#88040301-adeb-11f1-97e5-eeee0a8730ad.OPERATION#flowable-async-job-executor-thread-3487#
[BuildCloudUndeployModelStep] No deployed service keys detected!#
#2026 09 11 14:17:44.167#Z#DEBUG#88040301-adeb-11f1-97e5-eeee0a8730ad.OPERATION#flowable-async-job-executor-thread-3487#
[BuildCloudUndeployModelStep] Detected service keys to delete "[]"#
#2026 09 11 14:17:44.174#Z#DEBUG#88040301-adeb-11f1-97e5-eeee0a8730ad.OPERATION#flowable-async-job-executor-thread-3487#
[BuildCloudUndeployModelStep] MTA modules: [workorder-ai-srv, workorder-ai-db-deployer]#
#2026 09 11 14:17:44.174#Z#DEBUG#88040301-adeb-11f1-97e5-eeee0a8730ad.OPERATION#flowable-async-job-executor-thread-3487#
[BuildCloudUndeployModelStep] Modules to undeploy: [ ]#
#2026 09 11 14:17:44.174#Z#DEBUG#88040301-adeb-11f1-97e5-eeee0a8730ad.OPERATION#flowable-async-job-executor-thread-3487#
[BuildCloudUndeployModelStep] Modules that won't be changed: [ ]#
#2026 09 11 14:17:44.175#Z#DEBUG#88040301-adeb-11f1-97e5-eeee0a8730ad.OPERATION#flowable-async-job-executor-thread-3487#
[BuildCloudUndeployModelStep] Subscriptions to delete: [ ]#
#2026 09 11 14:17:44.177#Z#DEBUG#88040301-adeb-11f1-97e5-eeee0a8730ad.OPERATION#flowable-async-job-executor-thread-3487#
[BuildCloudUndeployModelStep] Cloud services to delete: []#
#2026 09 11 14:17:44.177#Z#DEBUG#88040301-adeb-11f1-97e5-eeee0a8730ad.OPERATION#flowable-async-job-executor-thread-3487#
[BuildCloudUndeployModelStep] Cloud applications to undeploy: [ ]#
#2026 09 11 14:17:44.180#Z#DEBUG#88040301-adeb-11f1-97e5-eeee0a8730ad.OPERATION#flowable-async-job-executor-thread-3487#
[BuildCloudUndeployModelStep] Cloud undeployment model built#
#2026 09 11 14:17:44.180#Z#DEBUG#88040301-adeb-11f1-97e5-eeee0a8730ad.OPERATION#flowable-async-job-executor-thread-3487#
Step "Build Undeploy Model" finished#
#2026 09 11 14:17:44.218#Z#DEBUG#88040301-adeb-11f1-97e5-eeee0a8730ad.OPERATION#flowable-async-job-executor-thread-3487#
[AddDomainsStep] Executing task "addDomainsTask" of process "88040327-adeb-11f1-97e5-eeee0a8730ad"...#
#2026 09 11 14:17:44.220#Z#DEBUG#88040301-adeb-11f1-97e5-eeee0a8730ad.OPERATION#flowable-async-job-executor-thread-3487#
[AddDomainsStep] Custom domains: []#
#2026 09 11 14:17:44.220#Z#DEBUG#88040301-adeb-11f1-97e5-eeee0a8730ad.OPERATION#flowable-async-job-executor-thread-3487#
Step "Add Domains" finished#
#2026 09 11 14:17:44.651#Z#DEBUG#88040301-adeb-11f1-97e5-eeee0a8730ad.OPERATION#flowable-async-job-executor-thread-3487#
[ExtractBatchedServicesWithResolvedDynamicParametersStep] Executing task "prepareModulesDeploymentTask" of process "8e5ff8b0-adeb-11f1-97e5-eeee0a8730ad"...#
#2026 09 11 14:17:44.651#Z#DEBUG#88040301-adeb-11f1-97e5-eeee0a8730ad.OPERATION#flowable-async-job-executor-thread-3487#
[ExtractBatchedServicesWithResolvedDynamicParametersStep] Extracting services and resolving dynamic parameters from batch#
#2026 09 11 14:17:44.653#Z#DEBUG#88040301-adeb-11f1-97e5-eeee0a8730ad.OPERATION#flowable-async-job-executor-thread-3487#
[ExtractBatchedServicesWithResolvedDynamicParametersStep] Services to create: [ {
  "isOptional" : false,
  "isManaged" : true,
  "name" : "********",
  "v3Metadata" : {
    "annotations" : {
      "mta_id" : "workorder-ai",
      "mta_version" : "1.0.0",
      "mta_resource" : "********"
    },
    "labels" : {
      "mta_id" : "f8782dad337731f264b12a975cde9315"
    }
  },
  "label" : "xsuaa",
  "plan" : "application",
  "credentials" : "********",
  "tags" : [ ],
  "type" : "managed",
  "resourceName" : "********",
  "shouldSkipParametersUpdate" : false,
  "shouldSkipPlanUpdate" : false,
  "shouldSkipTagsUpdate" : false,
  "shouldSkipSyslogUrlUpdate" : false
}, {
  "isOptional" : false,
  "isManaged" : true,
  "name" : "workorder-ai-db",
  "v3Metadata" : {
    "annotations" : {
      "mta_id" : "workorder-ai",
      "mta_version" : "1.0.0",
      "mta_resource" : "{\"name\":\"workorder-ai-db\"}"
    },
    "labels" : {
      "mta_id" : "f8782dad337731f264b12a975cde9315"
    }
  },
  "label" : "hana",
  "plan" : "hdi-shared",
  "credentials" : "********",
  "tags" : [ ],
  "type" : "managed",
  "resourceName" : "workorder-ai-db",
  "shouldSkipParametersUpdate" : false,
  "shouldSkipPlanUpdate" : false,
  "shouldSkipTagsUpdate" : false,
  "shouldSkipSyslogUrlUpdate" : false
} ]#
#2026 09 11 14:17:44.654#Z#DEBUG#88040301-adeb-11f1-97e5-eeee0a8730ad.OPERATION#flowable-async-job-executor-thread-3487#
Step "Extract Services with Resolved Dynamic parameters from batch" finished#
#2026 09 11 14:17:44.744#Z#DEBUG#88040301-adeb-11f1-97e5-eeee0a8730ad.OPERATION#flowable-async-job-executor-thread-3485#
[CheckServiceOperationStateStep] Executing task "CheckServiceOperationStateTask" of process "8ea08461-adeb-11f1-97e5-eeee0a8730ad"...#
#2026 09 11 14:17:44.745#Z#DEBUG#88040301-adeb-11f1-97e5-eeee0a8730ad.OPERATION#flowable-async-job-executor-thread-3485#
[CheckServiceOperationStateStep] Getting service instance "workorder-ai-auth"...#
#2026 09 11 14:17:44.849#Z#DEBUG#88040301-adeb-11f1-97e5-eeee0a8730ad.OPERATION#flowable-async-job-executor-thread-3485#
Step "Check for service operations in Progress" finished#
#2026 09 11 14:17:44.810#Z#DEBUG#88040301-adeb-11f1-97e5-eeee0a8730ad.OPERATION#flowable-async-job-executor-thread-3183#
[CheckServiceOperationStateStep] Executing task "CheckServiceOperationStateTask" of process "8eaabdb3-adeb-11f1-959c-eeee0a885ec7"...#
#2026 09 11 14:17:44.865#Z#DEBUG#88040301-adeb-11f1-97e5-eeee0a8730ad.OPERATION#flowable-async-job-executor-thread-3183#
[CheckServiceOperationStateStep] Getting service instance "workorder-ai-db"...#
#2026 09 11 14:17:44.977#Z#DEBUG#88040301-adeb-11f1-97e5-eeee0a8730ad.OPERATION#flowable-async-job-executor-thread-3183#
Step "Check for service operations in Progress" finished#
#2026 09 11 14:17:44.881#Z#DEBUG#88040301-adeb-11f1-97e5-eeee0a8730ad.OPERATION#flowable-async-job-executor-thread-3486#
[DetermineServiceCreateUpdateServiceActionsStep] Executing task "DetermineServiceCreateUpdateActionsTask" of process "8ea08461-adeb-11f1-97e5-eeee0a8730ad"...#
#2026 09 11 14:17:44.883#Z#INFO#88040301-adeb-11f1-97e5-eeee0a8730ad.OPERATION#flowable-async-job-executor-thread-3486#
[DetermineServiceCreateUpdateServiceActionsStep] Processing service "workorder-ai-auth"...#
#2026 09 11 14:17:44.888#Z#DEBUG#88040301-adeb-11f1-97e5-eeee0a8730ad.OPERATION#flowable-async-job-executor-thread-3486#
[DetermineServiceCreateUpdateServiceActionsStep] Getting service instance "workorder-ai-auth"...#
#2026 09 11 14:17:44.983#Z#INFO#88040301-adeb-11f1-97e5-eeee0a8730ad.OPERATION#flowable-async-job-executor-thread-3486#
[DetermineServiceCreateUpdateServiceActionsStep] Setting service "workorder-ai-auth" parameters from "xs-security.json"#
#2026 09 11 14:17:45.072#Z#DEBUG#88040301-adeb-11f1-97e5-eeee0a8730ad.OPERATION#flowable-async-job-executor-thread-3486#
[DetermineServiceCreateUpdateServiceActionsStep] Existing service: {
  "name" : "********",
  "metadata" : {
    "guid" : "4ce22c27-23bd-480b-a11a-4ff08c06dd5f",
    "createdAt" : [ 2026, 9, 11, 13, 37, 4 ],
    "updatedAt" : [ 2026, 9, 11, 13, 37, 4 ]
  },
  "v3Metadata" : {
    "annotations" : {
      "mta_id" : "workorder-ai",
      "mta_version" : "1.0.0",
      "mta_resource" : "********"
    },
    "labels" : {
      "mta_id" : "f8782dad337731f264b12a975cde9315"
    }
  },
  "label" : "xsuaa",
  "plan" : "application",
  "credentials" : "********",
  "tags" : [ ],
  "type" : "managed",
  "lastOperation" : {
    "type" : "CREATE",
    "description" : "",
    "state" : "SUCCEEDED"
  }
}#
#2026 09 11 14:17:45.072#Z#DEBUG#88040301-adeb-11f1-97e5-eeee0a8730ad.OPERATION#flowable-async-job-executor-thread-3486#
[DetermineServiceCreateUpdateServiceActionsStep] Service parameters will be updated#
#2026 09 11 14:17:45.072#Z#DEBUG#88040301-adeb-11f1-97e5-eeee0a8730ad.OPERATION#flowable-async-job-executor-thread-3486#
[DetermineServiceCreateUpdateServiceActionsStep] New parameters: {
  "attributes" : [ ],
  "authorities-inheritance" : "********",
  "oauth2-configuration" : "********",
  "role-templates" : [ ],
  "scopes" : [ ],
  "tenant-mode" : "dedicated",
  "xsappname" : "workorder-ai-mindset-development-build"
}#
#2026 09 11 14:17:45.072#Z#DEBUG#88040301-adeb-11f1-97e5-eeee0a8730ad.OPERATION#flowable-async-job-executor-thread-3486#
Step "Determine update actions" finished#
#2026 09 11 14:17:45.163#Z#DEBUG#88040301-adeb-11f1-97e5-eeee0a8730ad.OPERATION#flowable-async-job-executor-thread-3486#
[CheckForServiceBindingOrKeyOperationStep] Executing task "CheckForServiceBindingOrKeyCreation" of process "8ea08461-adeb-11f1-97e5-eeee0a8730ad"...#
#2026 09 11 14:17:45.165#Z#DEBUG#88040301-adeb-11f1-97e5-eeee0a8730ad.OPERATION#flowable-async-job-executor-thread-3486#
Step "Check for service binding or key creation" finished#
#2026 09 11 14:17:45.048#Z#DEBUG#88040301-adeb-11f1-97e5-eeee0a8730ad.OPERATION#flowable-async-job-executor-thread-3184#
[DetermineServiceCreateUpdateServiceActionsStep] Executing task "DetermineServiceCreateUpdateActionsTask" of process "8eaabdb3-adeb-11f1-959c-eeee0a885ec7"...#
#2026 09 11 14:17:45.062#Z#INFO#88040301-adeb-11f1-97e5-eeee0a8730ad.OPERATION#flowable-async-job-executor-thread-3184#
[DetermineServiceCreateUpdateServiceActionsStep] Processing service "workorder-ai-db"...#
#2026 09 11 14:17:45.069#Z#DEBUG#88040301-adeb-11f1-97e5-eeee0a8730ad.OPERATION#flowable-async-job-executor-thread-3184#
[DetermineServiceCreateUpdateServiceActionsStep] Getting service instance "workorder-ai-db"...#
#2026 09 11 14:17:45.167#Z#DEBUG#88040301-adeb-11f1-97e5-eeee0a8730ad.OPERATION#flowable-async-job-executor-thread-3184#
[DetermineServiceCreateUpdateServiceActionsStep] Existing service: {
  "name" : "workorder-ai-db",
  "metadata" : {
    "guid" : "a4e881ef-0d89-4938-b7f0-9b68547b31b5",
    "createdAt" : [ 2026, 9, 11, 13, 37, 5 ],
    "updatedAt" : [ 2026, 9, 11, 13, 37, 5 ]
  },
  "v3Metadata" : {
    "annotations" : {
      "mta_id" : "workorder-ai",
      "mta_version" : "1.0.0",
      "mta_resource" : "{\"name\":\"workorder-ai-db\"}"
    },
    "labels" : {
      "mta_id" : "f8782dad337731f264b12a975cde9315"
    }
  },
  "label" : "hana",
  "plan" : "hdi-shared",
  "credentials" : "********",
  "tags" : [ ],
  "type" : "managed",
  "lastOperation" : {
    "type" : "CREATE",
    "state" : "SUCCEEDED"
  }
}#
#2026 09 11 14:17:45.167#Z#WARN#88040301-adeb-11f1-97e5-eeee0a8730ad.OPERATION#flowable-async-job-executor-thread-3184#
[DetermineServiceCreateUpdateServiceActionsStep] Service parameters for service "workorder-ai-db" will not be updated, as the parameters are not defined or empty.#
#2026 09 11 14:17:45.167#Z#DEBUG#88040301-adeb-11f1-97e5-eeee0a8730ad.OPERATION#flowable-async-job-executor-thread-3184#
Step "Determine update actions" finished#
#2026 09 11 14:17:45.216#Z#DEBUG#88040301-adeb-11f1-97e5-eeee0a8730ad.OPERATION#flowable-async-job-executor-thread-3185#
[CheckForServiceBindingOrKeyOperationStep] Executing task "CheckForServiceBindingOrKeyCreation" of process "8eaabdb3-adeb-11f1-959c-eeee0a885ec7"...#
#2026 09 11 14:17:45.219#Z#DEBUG#88040301-adeb-11f1-97e5-eeee0a8730ad.OPERATION#flowable-async-job-executor-thread-3185#
Step "Check for service binding or key creation" finished#
#2026 09 11 14:17:45.206#Z#DEBUG#88040301-adeb-11f1-97e5-eeee0a8730ad.OPERATION#flowable-async-job-executor-thread-3486#
[UpdateServiceParametersStep] Executing task "UpdateServiceParametersTask" of process "8ea08461-adeb-11f1-97e5-eeee0a8730ad"...#
#2026 09 11 14:17:45.209#Z#INFO#88040301-adeb-11f1-97e5-eeee0a8730ad.OPERATION#flowable-async-job-executor-thread-3486#
[UpdateServiceParametersStep] Updating service "workorder-ai-auth"...#
#2026 09 11 14:17:45.214#Z#DEBUG#88040301-adeb-11f1-97e5-eeee0a8730ad.OPERATION#flowable-async-job-executor-thread-3486#
[UpdateServiceParametersStep] Updating service parameters for service "workorder-ai-auth"...#
#2026 09 11 14:17:45.309#Z#DEBUG#88040301-adeb-11f1-97e5-eeee0a8730ad.OPERATION#flowable-async-job-executor-thread-3486#
[UpdateServiceParametersStep] Service "workorder-ai-auth" updated#
#2026 09 11 14:17:45.309#Z#DEBUG#88040301-adeb-11f1-97e5-eeee0a8730ad.OPERATION#flowable-async-job-executor-thread-3486#
[UpdateServiceParametersStep] Triggered service operations: {
  "workorder-ai-auth" : "UPDATE"
}#
#2026 09 11 14:17:45.312#Z#DEBUG#88040301-adeb-11f1-97e5-eeee0a8730ad.OPERATION#flowable-async-job-executor-thread-3486#
Step "Update parameters" finished#
#2026 09 11 14:17:59.737#Z#DEBUG#88040301-adeb-11f1-97e5-eeee0a8730ad.OPERATION#flowable-async-job-executor-thread-3796#
[UpdateServiceParametersStep] Executing task "UpdateServiceParametersTask" of process "8ea08461-adeb-11f1-97e5-eeee0a8730ad"...#
#2026 09 11 14:17:59.738#Z#DEBUG#88040301-adeb-11f1-97e5-eeee0a8730ad.OPERATION#flowable-async-job-executor-thread-3796#
[UpdateServiceParametersStep] Polling service operations...#
#2026 09 11 14:17:59.811#Z#DEBUG#88040301-adeb-11f1-97e5-eeee0a8730ad.OPERATION#flowable-async-job-executor-thread-3796#
[UpdateServiceParametersStep] Getting service instance "workorder-ai-auth"...#
#2026 09 11 14:17:59.967#Z#DEBUG#88040301-adeb-11f1-97e5-eeee0a8730ad.OPERATION#flowable-async-job-executor-thread-3796#
[UpdateServiceParametersStep] Last operation for service "workorder-ai-auth": {
  "type" : "UPDATE",
  "description" : "",
  "state" : "SUCCEEDED"
}#
#2026 09 11 14:17:59.967#Z#DEBUG#88040301-adeb-11f1-97e5-eeee0a8730ad.OPERATION#flowable-async-job-executor-thread-3796#
[UpdateServiceParametersStep] Service "workorder-ai-auth" updated#
#2026 09 11 14:17:59.967#Z#INFO#88040301-adeb-11f1-97e5-eeee0a8730ad.OPERATION#flowable-async-job-executor-thread-3796#
[UpdateServiceParametersStep] 1 of 1 done#
#2026 09 11 14:17:59.976#Z#DEBUG#88040301-adeb-11f1-97e5-eeee0a8730ad.OPERATION#flowable-async-job-executor-thread-3796#
[UpdateServiceParametersStep] Remaining services to poll: [ ]#
#2026 09 11 14:17:59.980#Z#DEBUG#88040301-adeb-11f1-97e5-eeee0a8730ad.OPERATION#flowable-async-job-executor-thread-3796#
Step "Update parameters" finished#
#2026 09 11 14:18:00.320#Z#DEBUG#88040301-adeb-11f1-97e5-eeee0a8730ad.OPERATION#flowable-async-job-executor-thread-3799#
[PrepareModulesDeploymentStep] Executing task "prepareModulesDeploymentTask" of process "97e939d4-adeb-11f1-9f17-eeee0a8895d7"...#
#2026 09 11 14:18:00.321#Z#DEBUG#88040301-adeb-11f1-97e5-eeee0a8730ad.OPERATION#flowable-async-job-executor-thread-3799#
[PrepareModulesDeploymentStep] Preparing modules deployment...#
#2026 09 11 14:18:00.326#Z#DEBUG#88040301-adeb-11f1-97e5-eeee0a8730ad.OPERATION#flowable-async-job-executor-thread-3799#
Step "Prepare Modules Deployment" finished#
#2026 09 11 14:18:00.362#Z#DEBUG#88040301-adeb-11f1-97e5-eeee0a8730ad.OPERATION#flowable-async-job-executor-thread-3799#
[ComputeNextModulesStep] Executing task "computeNextModulesToDeployInParallel" of process "97e939d4-adeb-11f1-9f17-eeee0a8895d7"...#
#2026 09 11 14:18:00.363#Z#DEBUG#88040301-adeb-11f1-97e5-eeee0a8730ad.OPERATION#flowable-async-job-executor-thread-3799#
[ComputeNextModulesStep] Computing modules for next parallel iteration...#
#2026 09 11 14:18:00.366#Z#DEBUG#88040301-adeb-11f1-97e5-eeee0a8730ad.OPERATION#flowable-async-job-executor-thread-3799#
[ComputeNextModulesStep] Completed modules detected: []#
#2026 09 11 14:18:00.366#Z#DEBUG#88040301-adeb-11f1-97e5-eeee0a8730ad.OPERATION#flowable-async-job-executor-thread-3799#
[ComputeNextModulesStep] All modules for deploy detected: [workorder-ai-srv, workorder-ai-db-deployer]#
#2026 09 11 14:18:00.366#Z#DEBUG#88040301-adeb-11f1-97e5-eeee0a8730ad.OPERATION#flowable-async-job-executor-thread-3799#
[ComputeNextModulesStep] Modules not for deploy detected: []#
#2026 09 11 14:18:00.366#Z#DEBUG#88040301-adeb-11f1-97e5-eeee0a8730ad.OPERATION#flowable-async-job-executor-thread-3799#
[ComputeNextModulesStep] Computed modules for next parallel iteration: [ {
  "majorSchemaVersion" : 3,
  "name" : "workorder-ai-srv",
  "type" : "javascript.nodejs",
  "path" : "workorder-ai-srv",
  "properties" : { },
  "parameters" : {
    "app-name" : "workorder-ai-srv",
    "buildpack" : "nodejs_buildpack",
    "default-app-name" : "workorder-ai-srv",
    "default-host" : "mindset-development-build-workorder-ai-srv",
    "default-instances" : 1,
    "default-live-app-name" : "workorder-ai-srv",
    "default-live-domain" : "cfapps.us10-001.hana.ondemand.com",
    "default-live-host" : "mindset-development-build-workorder-ai-srv",
    "default-live-uri" : "mindset-development-build-workorder-ai-srv.cfapps.us10-001.hana.ondemand.com",
    "default-live-url" : "https://mindset-development-build-workorder-ai-srv.cfapps.us10-001.hana.ondemand.com",
    "default-uri" : "mindset-development-build-workorder-ai-srv.cfapps.us10-001.hana.ondemand.com",
    "default-url" : "https://mindset-development-build-workorder-ai-srv.cfapps.us10-001.hana.ondemand.com",
    "dependency-type" : "soft",
    "domain" : "cfapps.us10-001.hana.ondemand.com",
    "generated-password" : "********",
    "generated-user" : "********",
    "host" : "mindset-development-build-workorder-ai-srv",
    "instances" : 1,
    "protocol" : "https"
  },
  "requiredDependencies" : [ {
    "majorSchemaVersion" : 3,
    "name" : "********",
    "properties" : { },
    "parameters" : { },
    "propertiesMetadata" : {
      "metadata" : { }
    },
    "parametersMetadata" : {
      "metadata" : { }
    }
  }, {
    "majorSchemaVersion" : 3,
    "name" : "workorder-ai-db",
    "properties" : { },
    "parameters" : { },
    "propertiesMetadata" : {
      "metadata" : { }
    },
    "parametersMetadata" : {
      "metadata" : { }
    }
  } ],
  "providedDependencies" : [ {
    "majorSchemaVersion" : 3,
    "name" : "srv-api",
    "isPublic" : false,
    "properties" : {
      "srv-url" : "https://mindset-development-build-workorder-ai-srv.cfapps.us10-001.hana.ondemand.com"
    },
    "parameters" : { },
    "propertiesMetadata" : {
      "metadata" : { }
    },
    "parametersMetadata" : {
      "metadata" : { }
    }
  }, {
    "majorSchemaVersion" : 3,
    "name" : "workorder-ai-srv",
    "isPublic" : false,
    "properties" : { },
    "parameters" : { },
    "propertiesMetadata" : {
      "metadata" : { }
    },
    "parametersMetadata" : {
      "metadata" : { }
    }
  } ],
  "propertiesMetadata" : {
    "metadata" : { }
  },
  "parametersMetadata" : {
    "metadata" : { }
  },
  "deployedAfter" : [ ],
  "hooks" : [ ]
}, {
  "majorSchemaVersion" : 3,
  "name" : "workorder-ai-db-deployer",
  "type" : "com.sap.xs.hdi",
  "path" : "workorder-ai-db-deployer",
  "properties" : {
    "EXIT" : 1
  },
  "parameters" : {
    "app-name" : "workorder-ai-db-deployer",
    "buildpack" : "nodejs_buildpack",
    "default-app-name" : "workorder-ai-db-deployer",
    "default-host" : "mindset-development-build-workorder-ai-db-deployer",
    "default-instances" : 1,
    "default-live-app-name" : "workorder-ai-db-deployer",
    "default-live-domain" : "cfapps.us10-001.hana.ondemand.com",
    "default-live-host" : "mindset-development-build-workorder-ai-db-deployer",
    "default-live-uri" : "mindset-development-build-workorder-ai-db-deployer.cfapps.us10-001.hana.ondemand.com",
    "default-live-url" : "https://mindset-development-build-workorder-ai-db-deployer.cfapps.us10-001.hana.ondemand.com",
    "default-uri" : "mindset-development-build-workorder-ai-db-deployer.cfapps.us10-001.hana.ondemand.com",
    "default-url" : "https://mindset-development-build-workorder-ai-db-deployer.cfapps.us10-001.hana.ondemand.com",
    "dependency-type" : "hard",
    "domain" : "cfapps.us10-001.hana.ondemand.com",
    "generated-password" : "********",
    "generated-user" : "********",
    "host" : "mindset-development-build-workorder-ai-db-deployer",
    "instances" : 1,
    "memory" : "256M",
    "no-route" : true,
    "no-start" : true,
    "protocol" : "https",
    "tasks" : [ {
      "command" : "npm start",
      "memory" : "256M",
      "name" : "deploy"
    } ]
  },
  "requiredDependencies" : [ {
    "majorSchemaVersion" : 3,
    "name" : "workorder-ai-db",
    "properties" : { },
    "parameters" : { },
    "propertiesMetadata" : {
      "metadata" : { }
    },
    "parametersMetadata" : {
      "metadata" : { }
    }
  } ],
  "providedDependencies" : [ {
    "majorSchemaVersion" : 3,
    "name" : "workorder-ai-db-deployer",
    "isPublic" : false,
    "properties" : { },
    "parameters" : { },
    "propertiesMetadata" : {
      "metadata" : { }
    },
    "parametersMetadata" : {
      "metadata" : { }
    }
  } ],
  "propertiesMetadata" : {
    "metadata" : { }
  },
  "parametersMetadata" : {
    "metadata" : { }
  },
  "deployedAfter" : [ ],
  "hooks" : [ ]
} ]#
#2026 09 11 14:18:00.366#Z#DEBUG#88040301-adeb-11f1-97e5-eeee0a8730ad.OPERATION#flowable-async-job-executor-thread-3799#
Step "Compute Next Modules To Deploy" finished#
#2026 09 11 14:18:00.499#Z#DEBUG#88040301-adeb-11f1-97e5-eeee0a8730ad.OPERATION#flowable-async-job-executor-thread-3799#
[ProcessDescriptorStep] Executing task "reprocessDescriptorTask" of process "9801a3a3-adeb-11f1-9f17-eeee0a8895d7"...#
#2026 09 11 14:18:00.500#Z#DEBUG#88040301-adeb-11f1-97e5-eeee0a8730ad.OPERATION#flowable-async-job-executor-thread-3799#
[ProcessDescriptorStep] Resolving properties and parameters in merged descriptor...#
#2026 09 11 14:18:00.502#Z#DEBUG#88040301-adeb-11f1-97e5-eeee0a8730ad.OPERATION#flowable-async-job-executor-thread-3799#
[ProcessDescriptorStep] Subscriptions: [ ]#
#2026 09 11 14:18:00.508#Z#DEBUG#88040301-adeb-11f1-97e5-eeee0a8730ad.OPERATION#flowable-async-job-executor-thread-3799#
[ProcessDescriptorStep] MTA modules: [workorder-ai-srv, workorder-ai-db-deployer]#
#2026 09 11 14:18:00.511#Z#DEBUG#88040301-adeb-11f1-97e5-eeee0a8730ad.OPERATION#flowable-async-job-executor-thread-3799#
[ProcessDescriptorStep] Resolved deployment descriptor: {
  "majorSchemaVersion" : 3,
  "schemaVersion" : "3.3.0",
  "id" : "workorder-ai",
  "version" : "1.0.0",
  "modules" : [ {
    "majorSchemaVersion" : 3,
    "name" : "workorder-ai-srv",
    "type" : "javascript.nodejs",
    "path" : "workorder-ai-srv",
    "properties" : { },
    "parameters" : {
      "default-url" : "https://mindset-development-build-workorder-ai-srv.cfapps.us10-001.hana.ondemand.com",
      "default-app-name" : "workorder-ai-srv",
      "generated-password" : "********",
      "default-live-url" : "https://mindset-development-build-workorder-ai-srv.cfapps.us10-001.hana.ondemand.com",
      "default-uri" : "mindset-development-build-workorder-ai-srv.cfapps.us10-001.hana.ondemand.com",
      "default-instances" : 1,
      "default-live-host" : "mindset-development-build-workorder-ai-srv",
      "instances" : 1,
      "buildpack" : "nodejs_buildpack",
      "default-host" : "mindset-development-build-workorder-ai-srv",
      "app-name" : "workorder-ai-srv",
      "default-live-uri" : "mindset-development-build-workorder-ai-srv.cfapps.us10-001.hana.ondemand.com",
      "protocol" : "https",
      "default-live-app-name" : "workorder-ai-srv",
      "default-live-domain" : "cfapps.us10-001.hana.ondemand.com",
      "domain" : "cfapps.us10-001.hana.ondemand.com",
      "host" : "mindset-development-build-workorder-ai-srv",
      "generated-user" : "********"
    },
    "requiredDependencies" : [ {
      "majorSchemaVersion" : 3,
      "name" : "********",
      "properties" : { },
      "parameters" : { },
      "propertiesMetadata" : {
        "metadata" : { }
      },
      "parametersMetadata" : {
        "metadata" : { }
      }
    }, {
      "majorSchemaVersion" : 3,
      "name" : "workorder-ai-db",
      "properties" : { },
      "parameters" : { },
      "propertiesMetadata" : {
        "metadata" : { }
      },
      "parametersMetadata" : {
        "metadata" : { }
      }
    } ],
    "providedDependencies" : [ {
      "majorSchemaVersion" : 3,
      "name" : "srv-api",
      "isPublic" : false,
      "properties" : {
        "srv-url" : "https://mindset-development-build-workorder-ai-srv.cfapps.us10-001.hana.ondemand.com"
      },
      "parameters" : { },
      "propertiesMetadata" : {
        "metadata" : { }
      },
      "parametersMetadata" : {
        "metadata" : { }
      }
    }, {
      "majorSchemaVersion" : 3,
      "name" : "workorder-ai-srv",
      "isPublic" : false,
      "properties" : { },
      "parameters" : { },
      "propertiesMetadata" : {
        "metadata" : { }
      },
      "parametersMetadata" : {
        "metadata" : { }
      }
    } ],
    "propertiesMetadata" : {
      "metadata" : { }
    },
    "parametersMetadata" : {
      "metadata" : { }
    },
    "hooks" : [ ]
  }, {
    "majorSchemaVersion" : 3,
    "name" : "workorder-ai-db-deployer",
    "type" : "com.sap.xs.hdi",
    "path" : "workorder-ai-db-deployer",
    "properties" : {
      "EXIT" : 1
    },
    "parameters" : {
      "default-url" : "https://mindset-development-build-workorder-ai-db-deployer.cfapps.us10-001.hana.ondemand.com",
      "default-app-name" : "workorder-ai-db-deployer",
      "generated-password" : "********",
      "default-live-url" : "https://mindset-development-build-workorder-ai-db-deployer.cfapps.us10-001.hana.ondemand.com",
      "default-uri" : "mindset-development-build-workorder-ai-db-deployer.cfapps.us10-001.hana.ondemand.com",
      "memory" : "256M",
      "default-instances" : 1,
      "no-route" : true,
      "default-live-host" : "mindset-development-build-workorder-ai-db-deployer",
      "instances" : 1,
      "buildpack" : "nodejs_buildpack",
      "default-host" : "mindset-development-build-workorder-ai-db-deployer",
      "app-name" : "workorder-ai-db-deployer",
      "default-live-uri" : "mindset-development-build-workorder-ai-db-deployer.cfapps.us10-001.hana.ondemand.com",
      "protocol" : "https",
      "default-live-app-name" : "workorder-ai-db-deployer",
      "default-live-domain" : "cfapps.us10-001.hana.ondemand.com",
      "dependency-type" : "hard",
      "domain" : "cfapps.us10-001.hana.ondemand.com",
      "host" : "mindset-development-build-workorder-ai-db-deployer",
      "generated-user" : "********",
      "tasks" : [ {
        "command" : "npm start",
        "memory" : "256M",
        "name" : "deploy"
      } ],
      "no-start" : true
    },
    "requiredDependencies" : [ {
      "majorSchemaVersion" : 3,
      "name" : "workorder-ai-db",
      "properties" : { },
      "parameters" : { },
      "propertiesMetadata" : {
        "metadata" : { }
      },
      "parametersMetadata" : {
        "metadata" : { }
      }
    } ],
    "providedDependencies" : [ {
      "majorSchemaVersion" : 3,
      "name" : "workorder-ai-db-deployer",
      "isPublic" : false,
      "properties" : { },
      "parameters" : { },
      "propertiesMetadata" : {
        "metadata" : { }
      },
      "parametersMetadata" : {
        "metadata" : { }
      }
    } ],
    "propertiesMetadata" : {
      "metadata" : { }
    },
    "parametersMetadata" : {
      "metadata" : { }
    },
    "hooks" : [ ]
  } ],
  "resources" : [ {
    "majorSchemaVersion" : 3,
    "name" : "********",
    "type" : "org.cloudfoundry.managed-service",
    "properties" : { },
    "parameters" : {
      "generated-password" : "********",
      "path" : "./xs-security.json",
      "service-name" : "********",
      "service-plan" : "application",
      "service" : "xsuaa",
      "generated-user" : "********",
      "default-xsappname" : "********",
      "type" : "managed-service",
      "config" : {
        "oauth2-configuration" : "********",
        "tenant-mode" : "dedicated",
        "xsappname" : "workorder-ai-mindset-development-build"
      },
      "default-service-name" : "********",
      "default-container-name" : "********"
    },
    "isActive" : true,
    "isOptional" : false,
    "propertiesMetadata" : {
      "metadata" : { }
    },
    "parametersMetadata" : {
      "metadata" : { }
    },
    "requiredDependencies" : [ ],
    "processedAfter" : [ ]
  }, {
    "majorSchemaVersion" : 3,
    "name" : "workorder-ai-db",
    "type" : "com.sap.xs.hdi-container",
    "properties" : { },
    "parameters" : {
      "generated-password" : "********",
      "service-name" : "workorder-ai-db",
      "service-plan" : "hdi-shared",
      "service" : "hana",
      "generated-user" : "********",
      "default-xsappname" : "workorder-ai-db",
      "type" : "managed-service",
      "default-service-name" : "workorder-ai-db",
      "default-container-name" : "MINDSET_DEVELOPMENT_BUILD_WORKORDER_AI_DB"
    },
    "isActive" : true,
    "isOptional" : false,
    "propertiesMetadata" : {
      "metadata" : { }
    },
    "parametersMetadata" : {
      "metadata" : { }
    },
    "requiredDependencies" : [ ],
    "processedAfter" : [ ]
  } ],
  "parameters" : {
    "mta-id" : "workorder-ai",
    "authorization-url" : "********",
    "org-guid" : "bb93dc2c-71ad-4834-a699-8b1ec0b61d21",
    "org" : "mindset-development",
    "deploy-target" : "mindset-development build",
    "enable-parallel-deployments" : true,
    "region-primary-domain" : "us10.hana.ondemand.com",
    "space" : "build",
    "region-domain" : "us10-001.hana.ondemand.com",
    "xs-api-url" : "https://api.cf.us10-001.hana.ondemand.com",
    "deploy-url" : "deploy-service.cfapps.us10-001.hana.ondemand.com",
    "xs-type" : "CF",
    "default-domain" : "cfapps.us10-001.hana.ondemand.com",
    "mta-version" : "1.0.0",
    "xs-auth-url" : "********",
    "space-guid" : "6c6281a3-4cde-42a5-bd72-f05fe5e9f01f",
    "user" : "********",
    "controller-url" : "https://api.cf.us10-001.hana.ondemand.com",
    "timestamp" : "20260911141733"
  },
  "parametersMetadata" : {
    "metadata" : { }
  }
}#
#2026 09 11 14:18:00.511#Z#DEBUG#88040301-adeb-11f1-97e5-eeee0a8730ad.OPERATION#flowable-async-job-executor-thread-3799#
[ProcessDescriptorStep] Merged descriptor properties and parameters resolved#
#2026 09 11 14:18:00.511#Z#DEBUG#88040301-adeb-11f1-97e5-eeee0a8730ad.OPERATION#flowable-async-job-executor-thread-3799#
Step "Re-Process Descriptor Step" finished#
#2026 09 11 14:18:00.540#Z#DEBUG#88040301-adeb-11f1-97e5-eeee0a8730ad.OPERATION#flowable-async-job-executor-thread-3799#
[BuildApplicationDeployModelStep] Executing task "buildApplicationDeployModelTask" of process "9801a3a3-adeb-11f1-9f17-eeee0a8895d7"...#
#2026 09 11 14:18:00.542#Z#DEBUG#88040301-adeb-11f1-97e5-eeee0a8730ad.OPERATION#flowable-async-job-executor-thread-3799#
[BuildApplicationDeployModelStep] Building cloud deployment model for application "workorder-ai-srv"...#
#2026 09 11 14:18:00.547#Z#DEBUG#88040301-adeb-11f1-97e5-eeee0a8730ad.OPERATION#flowable-async-job-executor-thread-3799#
[BuildApplicationDeployModelStep] No health-check-type is specified. Setting default type: port#
#2026 09 11 14:18:00.547#Z#INFO#88040301-adeb-11f1-97e5-eeee0a8730ad.OPERATION#flowable-async-job-executor-thread-3799#
[BuildApplicationDeployModelStep] Building configuration entries for org mindset-development, space build, spaceId 6c6281a3-4cde-42a5-bd72-f05fe5e9f01f and namespace null!#
#2026 09 11 14:18:00.548#Z#DEBUG#88040301-adeb-11f1-97e5-eeee0a8730ad.OPERATION#flowable-async-job-executor-thread-3799#
[BuildApplicationDeployModelStep] Configuration entries to publish: [ ]#
#2026 09 11 14:18:00.548#Z#DEBUG#88040301-adeb-11f1-97e5-eeee0a8730ad.OPERATION#flowable-async-job-executor-thread-3799#
[BuildApplicationDeployModelStep] Cloud deployment model for application built#
#2026 09 11 14:18:00.548#Z#DEBUG#88040301-adeb-11f1-97e5-eeee0a8730ad.OPERATION#flowable-async-job-executor-thread-3799#
Step "Build Application Deploy Model" finished#
#2026 09 11 14:18:00.759#Z#DEBUG#88040301-adeb-11f1-97e5-eeee0a8730ad.OPERATION#flowable-async-job-executor-thread-3803#
[ProcessDescriptorStep] Executing task "reprocessDescriptorTask" of process "98269185-adeb-11f1-9f17-eeee0a8895d7"...#
#2026 09 11 14:18:00.760#Z#DEBUG#88040301-adeb-11f1-97e5-eeee0a8730ad.OPERATION#flowable-async-job-executor-thread-3803#
[ProcessDescriptorStep] Resolving properties and parameters in merged descriptor...#
#2026 09 11 14:18:00.763#Z#DEBUG#88040301-adeb-11f1-97e5-eeee0a8730ad.OPERATION#flowable-async-job-executor-thread-3803#
[ProcessDescriptorStep] Subscriptions: [ ]#
#2026 09 11 14:18:00.769#Z#DEBUG#88040301-adeb-11f1-97e5-eeee0a8730ad.OPERATION#flowable-async-job-executor-thread-3803#
[ProcessDescriptorStep] MTA modules: [workorder-ai-srv, workorder-ai-db-deployer]#
#2026 09 11 14:18:00.772#Z#DEBUG#88040301-adeb-11f1-97e5-eeee0a8730ad.OPERATION#flowable-async-job-executor-thread-3803#
[ProcessDescriptorStep] Resolved deployment descriptor: {
  "majorSchemaVersion" : 3,
  "schemaVersion" : "3.3.0",
  "id" : "workorder-ai",
  "version" : "1.0.0",
  "modules" : [ {
    "majorSchemaVersion" : 3,
    "name" : "workorder-ai-srv",
    "type" : "javascript.nodejs",
    "path" : "workorder-ai-srv",
    "properties" : { },
    "parameters" : {
      "default-url" : "https://mindset-development-build-workorder-ai-srv.cfapps.us10-001.hana.ondemand.com",
      "default-app-name" : "workorder-ai-srv",
      "generated-password" : "********",
      "default-live-url" : "https://mindset-development-build-workorder-ai-srv.cfapps.us10-001.hana.ondemand.com",
      "default-uri" : "mindset-development-build-workorder-ai-srv.cfapps.us10-001.hana.ondemand.com",
      "default-instances" : 1,
      "default-live-host" : "mindset-development-build-workorder-ai-srv",
      "instances" : 1,
      "buildpack" : "nodejs_buildpack",
      "default-host" : "mindset-development-build-workorder-ai-srv",
      "app-name" : "workorder-ai-srv",
      "default-live-uri" : "mindset-development-build-workorder-ai-srv.cfapps.us10-001.hana.ondemand.com",
      "protocol" : "https",
      "default-live-app-name" : "workorder-ai-srv",
      "default-live-domain" : "cfapps.us10-001.hana.ondemand.com",
      "domain" : "cfapps.us10-001.hana.ondemand.com",
      "host" : "mindset-development-build-workorder-ai-srv",
      "generated-user" : "********"
    },
    "requiredDependencies" : [ {
      "majorSchemaVersion" : 3,
      "name" : "********",
      "properties" : { },
      "parameters" : { },
      "propertiesMetadata" : {
        "metadata" : { }
      },
      "parametersMetadata" : {
        "metadata" : { }
      }
    }, {
      "majorSchemaVersion" : 3,
      "name" : "workorder-ai-db",
      "properties" : { },
      "parameters" : { },
      "propertiesMetadata" : {
        "metadata" : { }
      },
      "parametersMetadata" : {
        "metadata" : { }
      }
    } ],
    "providedDependencies" : [ {
      "majorSchemaVersion" : 3,
      "name" : "srv-api",
      "isPublic" : false,
      "properties" : {
        "srv-url" : "https://mindset-development-build-workorder-ai-srv.cfapps.us10-001.hana.ondemand.com"
      },
      "parameters" : { },
      "propertiesMetadata" : {
        "metadata" : { }
      },
      "parametersMetadata" : {
        "metadata" : { }
      }
    }, {
      "majorSchemaVersion" : 3,
      "name" : "workorder-ai-srv",
      "isPublic" : false,
      "properties" : { },
      "parameters" : { },
      "propertiesMetadata" : {
        "metadata" : { }
      },
      "parametersMetadata" : {
        "metadata" : { }
      }
    } ],
    "propertiesMetadata" : {
      "metadata" : { }
    },
    "parametersMetadata" : {
      "metadata" : { }
    },
    "hooks" : [ ]
  }, {
    "majorSchemaVersion" : 3,
    "name" : "workorder-ai-db-deployer",
    "type" : "com.sap.xs.hdi",
    "path" : "workorder-ai-db-deployer",
    "properties" : {
      "EXIT" : 1
    },
    "parameters" : {
      "default-url" : "https://mindset-development-build-workorder-ai-db-deployer.cfapps.us10-001.hana.ondemand.com",
      "default-app-name" : "workorder-ai-db-deployer",
      "generated-password" : "********",
      "default-live-url" : "https://mindset-development-build-workorder-ai-db-deployer.cfapps.us10-001.hana.ondemand.com",
      "default-uri" : "mindset-development-build-workorder-ai-db-deployer.cfapps.us10-001.hana.ondemand.com",
      "memory" : "256M",
      "default-instances" : 1,
      "no-route" : true,
      "default-live-host" : "mindset-development-build-workorder-ai-db-deployer",
      "instances" : 1,
      "buildpack" : "nodejs_buildpack",
      "default-host" : "mindset-development-build-workorder-ai-db-deployer",
      "app-name" : "workorder-ai-db-deployer",
      "default-live-uri" : "mindset-development-build-workorder-ai-db-deployer.cfapps.us10-001.hana.ondemand.com",
      "protocol" : "https",
      "default-live-app-name" : "workorder-ai-db-deployer",
      "default-live-domain" : "cfapps.us10-001.hana.ondemand.com",
      "dependency-type" : "hard",
      "domain" : "cfapps.us10-001.hana.ondemand.com",
      "host" : "mindset-development-build-workorder-ai-db-deployer",
      "generated-user" : "********",
      "tasks" : [ {
        "command" : "npm start",
        "memory" : "256M",
        "name" : "deploy"
      } ],
      "no-start" : true
    },
    "requiredDependencies" : [ {
      "majorSchemaVersion" : 3,
      "name" : "workorder-ai-db",
      "properties" : { },
      "parameters" : { },
      "propertiesMetadata" : {
        "metadata" : { }
      },
      "parametersMetadata" : {
        "metadata" : { }
      }
    } ],
    "providedDependencies" : [ {
      "majorSchemaVersion" : 3,
      "name" : "workorder-ai-db-deployer",
      "isPublic" : false,
      "properties" : { },
      "parameters" : { },
      "propertiesMetadata" : {
        "metadata" : { }
      },
      "parametersMetadata" : {
        "metadata" : { }
      }
    } ],
    "propertiesMetadata" : {
      "metadata" : { }
    },
    "parametersMetadata" : {
      "metadata" : { }
    },
    "hooks" : [ ]
  } ],
  "resources" : [ {
    "majorSchemaVersion" : 3,
    "name" : "********",
    "type" : "org.cloudfoundry.managed-service",
    "properties" : { },
    "parameters" : {
      "generated-password" : "********",
      "path" : "./xs-security.json",
      "service-name" : "********",
      "service-plan" : "application",
      "service" : "xsuaa",
      "generated-user" : "********",
      "default-xsappname" : "********",
      "type" : "managed-service",
      "config" : {
        "oauth2-configuration" : "********",
        "tenant-mode" : "dedicated",
        "xsappname" : "workorder-ai-mindset-development-build"
      },
      "default-service-name" : "********",
      "default-container-name" : "********"
    },
    "isActive" : true,
    "isOptional" : false,
    "propertiesMetadata" : {
      "metadata" : { }
    },
    "parametersMetadata" : {
      "metadata" : { }
    },
    "requiredDependencies" : [ ],
    "processedAfter" : [ ]
  }, {
    "majorSchemaVersion" : 3,
    "name" : "workorder-ai-db",
    "type" : "com.sap.xs.hdi-container",
    "properties" : { },
    "parameters" : {
      "generated-password" : "********",
      "service-name" : "workorder-ai-db",
      "service-plan" : "hdi-shared",
      "service" : "hana",
      "generated-user" : "********",
      "default-xsappname" : "workorder-ai-db",
      "type" : "managed-service",
      "default-service-name" : "workorder-ai-db",
      "default-container-name" : "MINDSET_DEVELOPMENT_BUILD_WORKORDER_AI_DB"
    },
    "isActive" : true,
    "isOptional" : false,
    "propertiesMetadata" : {
      "metadata" : { }
    },
    "parametersMetadata" : {
      "metadata" : { }
    },
    "requiredDependencies" : [ ],
    "processedAfter" : [ ]
  } ],
  "parameters" : {
    "mta-id" : "workorder-ai",
    "authorization-url" : "********",
    "org-guid" : "bb93dc2c-71ad-4834-a699-8b1ec0b61d21",
    "org" : "mindset-development",
    "deploy-target" : "mindset-development build",
    "enable-parallel-deployments" : true,
    "region-primary-domain" : "us10.hana.ondemand.com",
    "space" : "build",
    "region-domain" : "us10-001.hana.ondemand.com",
    "xs-api-url" : "https://api.cf.us10-001.hana.ondemand.com",
    "deploy-url" : "deploy-service.cfapps.us10-001.hana.ondemand.com",
    "xs-type" : "CF",
    "default-domain" : "cfapps.us10-001.hana.ondemand.com",
    "mta-version" : "1.0.0",
    "xs-auth-url" : "********",
    "space-guid" : "6c6281a3-4cde-42a5-bd72-f05fe5e9f01f",
    "user" : "********",
    "controller-url" : "https://api.cf.us10-001.hana.ondemand.com",
    "timestamp" : "20260911141733"
  },
  "parametersMetadata" : {
    "metadata" : { }
  }
}#
#2026 09 11 14:18:00.772#Z#DEBUG#88040301-adeb-11f1-97e5-eeee0a8730ad.OPERATION#flowable-async-job-executor-thread-3803#
[ProcessDescriptorStep] Merged descriptor properties and parameters resolved#
#2026 09 11 14:18:00.772#Z#DEBUG#88040301-adeb-11f1-97e5-eeee0a8730ad.OPERATION#flowable-async-job-executor-thread-3803#
Step "Re-Process Descriptor Step" finished#
#2026 09 11 14:18:00.803#Z#DEBUG#88040301-adeb-11f1-97e5-eeee0a8730ad.OPERATION#flowable-async-job-executor-thread-3803#
[BuildApplicationDeployModelStep] Executing task "buildApplicationDeployModelTask" of process "98269185-adeb-11f1-9f17-eeee0a8895d7"...#
#2026 09 11 14:18:00.806#Z#DEBUG#88040301-adeb-11f1-97e5-eeee0a8730ad.OPERATION#flowable-async-job-executor-thread-3803#
[BuildApplicationDeployModelStep] Building cloud deployment model for application "workorder-ai-db-deployer"...#
#2026 09 11 14:18:00.810#Z#DEBUG#88040301-adeb-11f1-97e5-eeee0a8730ad.OPERATION#flowable-async-job-executor-thread-3803#
[BuildApplicationDeployModelStep] No health-check-type is specified. Setting default type: port#
#2026 09 11 14:18:00.810#Z#INFO#88040301-adeb-11f1-97e5-eeee0a8730ad.OPERATION#flowable-async-job-executor-thread-3803#
[BuildApplicationDeployModelStep] Building configuration entries for org mindset-development, space build, spaceId 6c6281a3-4cde-42a5-bd72-f05fe5e9f01f and namespace null!#
#2026 09 11 14:18:00.811#Z#DEBUG#88040301-adeb-11f1-97e5-eeee0a8730ad.OPERATION#flowable-async-job-executor-thread-3803#
[BuildApplicationDeployModelStep] Configuration entries to publish: [ ]#
#2026 09 11 14:18:00.811#Z#DEBUG#88040301-adeb-11f1-97e5-eeee0a8730ad.OPERATION#flowable-async-job-executor-thread-3803#
[BuildApplicationDeployModelStep] Cloud deployment model for application built#
#2026 09 11 14:18:00.811#Z#DEBUG#88040301-adeb-11f1-97e5-eeee0a8730ad.OPERATION#flowable-async-job-executor-thread-3803#
Step "Build Application Deploy Model" finished#
#2026 09 11 14:18:00.586#Z#DEBUG#88040301-adeb-11f1-97e5-eeee0a8730ad.OPERATION#flowable-async-job-executor-thread-3799#
[CreateOrUpdateAppStep] Executing task "createAppTask" of process "9801a3a3-adeb-11f1-9f17-eeee0a8895d7"...#
#2026 09 11 14:18:00.587#Z#DEBUG#88040301-adeb-11f1-97e5-eeee0a8730ad.OPERATION#flowable-async-job-executor-thread-3799#
[CreateOrUpdateAppStep] Getting application "workorder-ai-srv"...#
#2026 09 11 14:18:00.624#Z#INFO#88040301-adeb-11f1-97e5-eeee0a8730ad.OPERATION#flowable-async-job-executor-thread-3799#
[CreateOrUpdateAppStep] Updating application "workorder-ai-srv"...#
#2026 09 11 14:18:00.629#Z#DEBUG#88040301-adeb-11f1-97e5-eeee0a8730ad.OPERATION#flowable-async-job-executor-thread-3799#
[CreateOrUpdateAppStep] Getting process for application "1ffb686e-4da7-4f4e-8273-4041ccbb6419"...#
#2026 09 11 14:18:00.663#Z#DEBUG#88040301-adeb-11f1-97e5-eeee0a8730ad.OPERATION#flowable-async-job-executor-thread-3799#
[CreateOrUpdateAppStep] Getting routes for application "1ffb686e-4da7-4f4e-8273-4041ccbb6419"...#
#2026 09 11 14:18:00.700#Z#DEBUG#88040301-adeb-11f1-97e5-eeee0a8730ad.OPERATION#flowable-async-job-executor-thread-3799#
[CreateOrUpdateAppStep] Getting features for application "1ffb686e-4da7-4f4e-8273-4041ccbb6419"#
#2026 09 11 14:18:00.723#Z#DEBUG#88040301-adeb-11f1-97e5-eeee0a8730ad.OPERATION#flowable-async-job-executor-thread-3799#
[CreateOrUpdateAppStep] Updating staging of application "workorder-ai-srv" to: {
  "buildpacks" : [ "nodejs_buildpack" ],
  "healthCheckType" : "port",
  "appFeatures" : { }
}#
#2026 09 11 14:18:00.847#Z#DEBUG#88040301-adeb-11f1-97e5-eeee0a8730ad.OPERATION#flowable-async-job-executor-thread-3803#
[CreateOrUpdateAppStep] Executing task "createAppTask" of process "98269185-adeb-11f1-9f17-eeee0a8895d7"...#
#2026 09 11 14:18:00.848#Z#DEBUG#88040301-adeb-11f1-97e5-eeee0a8730ad.OPERATION#flowable-async-job-executor-thread-3803#
[CreateOrUpdateAppStep] Getting application "workorder-ai-db-deployer"...#
#2026 09 11 14:18:00.880#Z#INFO#88040301-adeb-11f1-97e5-eeee0a8730ad.OPERATION#flowable-async-job-executor-thread-3803#
[CreateOrUpdateAppStep] Updating application "workorder-ai-db-deployer"...#
#2026 09 11 14:18:00.885#Z#DEBUG#88040301-adeb-11f1-97e5-eeee0a8730ad.OPERATION#flowable-async-job-executor-thread-3803#
[CreateOrUpdateAppStep] Getting process for application "b6a8c635-8387-4f8d-b420-3a2ae6751e3c"...#
#2026 09 11 14:18:00.916#Z#DEBUG#88040301-adeb-11f1-97e5-eeee0a8730ad.OPERATION#flowable-async-job-executor-thread-3803#
[CreateOrUpdateAppStep] Getting routes for application "b6a8c635-8387-4f8d-b420-3a2ae6751e3c"...#
#2026 09 11 14:18:00.931#Z#DEBUG#88040301-adeb-11f1-97e5-eeee0a8730ad.OPERATION#flowable-async-job-executor-thread-3799#
[CreateOrUpdateAppStep] Application "workorder-ai-srv" updated#
#2026 09 11 14:18:00.932#Z#DEBUG#88040301-adeb-11f1-97e5-eeee0a8730ad.OPERATION#flowable-async-job-executor-thread-3799#
[CreateOrUpdateAppStep] Getting environment of application "1ffb686e-4da7-4f4e-8273-4041ccbb6419"...#
#2026 09 11 14:18:00.947#Z#DEBUG#88040301-adeb-11f1-97e5-eeee0a8730ad.OPERATION#flowable-async-job-executor-thread-3803#
[CreateOrUpdateAppStep] Getting features for application "b6a8c635-8387-4f8d-b420-3a2ae6751e3c"#
#2026 09 11 14:18:00.975#Z#DEBUG#88040301-adeb-11f1-97e5-eeee0a8730ad.OPERATION#flowable-async-job-executor-thread-3803#
[CreateOrUpdateAppStep] Updating staging of application "workorder-ai-db-deployer" to: {
  "buildpacks" : [ "nodejs_buildpack" ],
  "healthCheckType" : "port",
  "appFeatures" : { }
}#
#2026 09 11 14:18:01.003#Z#DEBUG#88040301-adeb-11f1-97e5-eeee0a8730ad.OPERATION#flowable-async-job-executor-thread-3799#
[CreateOrUpdateAppStep] Application "workorder-ai-srv" updated#
#2026 09 11 14:18:01.003#Z#DEBUG#88040301-adeb-11f1-97e5-eeee0a8730ad.OPERATION#flowable-async-job-executor-thread-3799#
Step "Create App" finished#
#2026 09 11 14:18:01.091#Z#DEBUG#88040301-adeb-11f1-97e5-eeee0a8730ad.OPERATION#flowable-async-job-executor-thread-3800#
[CheckServiceBindingOperationStep] Executing task "checkForServiceBindingOperationInProgress" of process "985fa23c-adeb-11f1-9f17-eeee0a8895d7"...#
#2026 09 11 14:18:01.091#Z#DEBUG#88040301-adeb-11f1-97e5-eeee0a8730ad.OPERATION#flowable-async-job-executor-thread-3800#
[CheckServiceBindingOperationStep] Checking for service binding operation in progress between app "workorder-ai-srv" and service instance "workorder-ai-db"#
#2026 09 11 14:18:01.092#Z#DEBUG#88040301-adeb-11f1-97e5-eeee0a8730ad.OPERATION#flowable-async-job-executor-thread-3800#
[CheckServiceBindingOperationStep] Getting application guid "workorder-ai-srv"...#
#2026 09 11 14:18:01.120#Z#DEBUG#88040301-adeb-11f1-97e5-eeee0a8730ad.OPERATION#flowable-async-job-executor-thread-3800#
[CheckServiceBindingOperationStep] Getting GUID of required service instance "workorder-ai-db"...#
#2026 09 11 14:18:01.151#Z#DEBUG#88040301-adeb-11f1-97e5-eeee0a8730ad.OPERATION#flowable-async-job-executor-thread-3800#
[CheckServiceBindingOperationStep] Getting binding of service instance "a4e881ef-0d89-4938-b7f0-9b68547b31b5" with application "1ffb686e-4da7-4f4e-8273-4041ccbb6419"...#
#2026 09 11 14:18:01.184#Z#DEBUG#88040301-adeb-11f1-97e5-eeee0a8730ad.OPERATION#flowable-async-job-executor-thread-3800#
[CheckServiceBindingOperationStep] Service binding operation "5c3cb388-da8c-4997-93da-c4d22ac8ae08" with type "create" is in state "succeeded"#
#2026 09 11 14:18:01.184#Z#DEBUG#88040301-adeb-11f1-97e5-eeee0a8730ad.OPERATION#flowable-async-job-executor-thread-3800#
Step "Check For Service Binding Operation In Progress" finished#
#2026 09 11 14:18:01.169#Z#DEBUG#88040301-adeb-11f1-97e5-eeee0a8730ad.OPERATION#flowable-async-job-executor-thread-3803#
[CreateOrUpdateAppStep] Application "workorder-ai-db-deployer" updated#
#2026 09 11 14:18:01.169#Z#DEBUG#88040301-adeb-11f1-97e5-eeee0a8730ad.OPERATION#flowable-async-job-executor-thread-3803#
[CreateOrUpdateAppStep] Getting environment of application "b6a8c635-8387-4f8d-b420-3a2ae6751e3c"...#
#2026 09 11 14:18:01.232#Z#DEBUG#88040301-adeb-11f1-97e5-eeee0a8730ad.OPERATION#flowable-async-job-executor-thread-3803#
[CreateOrUpdateAppStep] Application "workorder-ai-db-deployer" updated#
#2026 09 11 14:18:01.232#Z#DEBUG#88040301-adeb-11f1-97e5-eeee0a8730ad.OPERATION#flowable-async-job-executor-thread-3803#
Step "Create App" finished#
#2026 09 11 14:18:01.325#Z#DEBUG#88040301-adeb-11f1-97e5-eeee0a8730ad.OPERATION#flowable-async-job-executor-thread-3803#
[CheckServiceBindingOperationStep] Executing task "checkForServiceBindingOperationInProgress" of process "98835736-adeb-11f1-9f17-eeee0a8895d7"...#
#2026 09 11 14:18:01.326#Z#DEBUG#88040301-adeb-11f1-97e5-eeee0a8730ad.OPERATION#flowable-async-job-executor-thread-3803#
[CheckServiceBindingOperationStep] Checking for service binding operation in progress between app "workorder-ai-db-deployer" and service instance "workorder-ai-db"#
#2026 09 11 14:18:01.327#Z#DEBUG#88040301-adeb-11f1-97e5-eeee0a8730ad.OPERATION#flowable-async-job-executor-thread-3803#
[CheckServiceBindingOperationStep] Getting application guid "workorder-ai-db-deployer"...#
#2026 09 11 14:18:01.360#Z#DEBUG#88040301-adeb-11f1-97e5-eeee0a8730ad.OPERATION#flowable-async-job-executor-thread-3803#
[CheckServiceBindingOperationStep] Getting GUID of required service instance "workorder-ai-db"...#
#2026 09 11 14:18:01.386#Z#DEBUG#88040301-adeb-11f1-97e5-eeee0a8730ad.OPERATION#flowable-async-job-executor-thread-3803#
[CheckServiceBindingOperationStep] Getting binding of service instance "a4e881ef-0d89-4938-b7f0-9b68547b31b5" with application "b6a8c635-8387-4f8d-b420-3a2ae6751e3c"...#
#2026 09 11 14:18:01.426#Z#DEBUG#88040301-adeb-11f1-97e5-eeee0a8730ad.OPERATION#flowable-async-job-executor-thread-3803#
[CheckServiceBindingOperationStep] Service binding operation "bc14e670-2bac-4b7f-821a-242aaff8a920" with type "create" is in state "succeeded"#
#2026 09 11 14:18:01.426#Z#DEBUG#88040301-adeb-11f1-97e5-eeee0a8730ad.OPERATION#flowable-async-job-executor-thread-3803#
Step "Check For Service Binding Operation In Progress" finished#
#2026 09 11 14:18:01.214#Z#DEBUG#88040301-adeb-11f1-97e5-eeee0a8730ad.OPERATION#flowable-async-job-executor-thread-3800#
[DetermineApplicationServiceBindingActionsStep] Executing task "determineApplicationServiceBindingActionsTask" of process "985fa23c-adeb-11f1-9f17-eeee0a8895d7"...#
#2026 09 11 14:18:01.216#Z#DEBUG#88040301-adeb-11f1-97e5-eeee0a8730ad.OPERATION#flowable-async-job-executor-thread-3800#
[DetermineApplicationServiceBindingActionsStep] Determine bind/unbind operations of application "workorder-ai-srv" to service instance "workorder-ai-db"#
#2026 09 11 14:18:01.216#Z#DEBUG#88040301-adeb-11f1-97e5-eeee0a8730ad.OPERATION#flowable-async-job-executor-thread-3800#
[DetermineApplicationServiceBindingActionsStep] Getting application "workorder-ai-srv"...#
#2026 09 11 14:18:01.254#Z#DEBUG#88040301-adeb-11f1-97e5-eeee0a8730ad.OPERATION#flowable-async-job-executor-thread-3800#
[DetermineApplicationServiceBindingActionsStep] Binding parameters for application "workorder-ai-srv": { }#
#2026 09 11 14:18:01.290#Z#DEBUG#88040301-adeb-11f1-97e5-eeee0a8730ad.OPERATION#flowable-async-job-executor-thread-3800#
[DetermineApplicationServiceBindingActionsStep] Check should rebind application "workorder-ai-srv" and service instance "workorder-ai-db"#
#2026 09 11 14:18:01.290#Z#DEBUG#88040301-adeb-11f1-97e5-eeee0a8730ad.OPERATION#flowable-async-job-executor-thread-3800#
[DetermineApplicationServiceBindingActionsStep] Getting GUID of required service instance "workorder-ai-db"...#
#2026 09 11 14:18:01.324#Z#DEBUG#88040301-adeb-11f1-97e5-eeee0a8730ad.OPERATION#flowable-async-job-executor-thread-3800#
[DetermineApplicationServiceBindingActionsStep] Getting binding of service instance "a4e881ef-0d89-4938-b7f0-9b68547b31b5" with application "1ffb686e-4da7-4f4e-8273-4041ccbb6419"...#
#2026 09 11 14:18:01.356#Z#DEBUG#88040301-adeb-11f1-97e5-eeee0a8730ad.OPERATION#flowable-async-job-executor-thread-3800#
[DetermineApplicationServiceBindingActionsStep] Getting parameters of service binding "5c3cb388-da8c-4997-93da-c4d22ac8ae08"...#
#2026 09 11 14:18:01.456#Z#DEBUG#88040301-adeb-11f1-97e5-eeee0a8730ad.OPERATION#flowable-async-job-executor-thread-3803#
[DetermineApplicationServiceBindingActionsStep] Executing task "determineApplicationServiceBindingActionsTask" of process "98835736-adeb-11f1-9f17-eeee0a8895d7"...#
#2026 09 11 14:18:01.457#Z#DEBUG#88040301-adeb-11f1-97e5-eeee0a8730ad.OPERATION#flowable-async-job-executor-thread-3803#
[DetermineApplicationServiceBindingActionsStep] Determine bind/unbind operations of application "workorder-ai-db-deployer" to service instance "workorder-ai-db"#
#2026 09 11 14:18:01.457#Z#DEBUG#88040301-adeb-11f1-97e5-eeee0a8730ad.OPERATION#flowable-async-job-executor-thread-3803#
[DetermineApplicationServiceBindingActionsStep] Getting application "workorder-ai-db-deployer"...#
#2026 09 11 14:18:01.493#Z#DEBUG#88040301-adeb-11f1-97e5-eeee0a8730ad.OPERATION#flowable-async-job-executor-thread-3803#
[DetermineApplicationServiceBindingActionsStep] Binding parameters for application "workorder-ai-db-deployer": { }#
#2026 09 11 14:18:01.530#Z#DEBUG#88040301-adeb-11f1-97e5-eeee0a8730ad.OPERATION#flowable-async-job-executor-thread-3803#
[DetermineApplicationServiceBindingActionsStep] Check should rebind application "workorder-ai-db-deployer" and service instance "workorder-ai-db"#
#2026 09 11 14:18:01.530#Z#DEBUG#88040301-adeb-11f1-97e5-eeee0a8730ad.OPERATION#flowable-async-job-executor-thread-3803#
[DetermineApplicationServiceBindingActionsStep] Getting GUID of required service instance "workorder-ai-db"...#
#2026 09 11 14:18:01.566#Z#DEBUG#88040301-adeb-11f1-97e5-eeee0a8730ad.OPERATION#flowable-async-job-executor-thread-3803#
[DetermineApplicationServiceBindingActionsStep] Getting binding of service instance "a4e881ef-0d89-4938-b7f0-9b68547b31b5" with application "b6a8c635-8387-4f8d-b420-3a2ae6751e3c"...#
#2026 09 11 14:18:01.575#Z#INFO#88040301-adeb-11f1-97e5-eeee0a8730ad.OPERATION#flowable-async-job-executor-thread-3800#
[DetermineApplicationServiceBindingActionsStep] Service instance "workorder-ai-db" will not be rebound to application "workorder-ai-srv" because the binding parameters are not modified#
#2026 09 11 14:18:01.579#Z#DEBUG#88040301-adeb-11f1-97e5-eeee0a8730ad.OPERATION#flowable-async-job-executor-thread-3800#
[DetermineApplicationServiceBindingActionsStep] Calculated binding operations between application "workorder-ai-srv" and service instance "workorder-ai-db": unbind - false bind - false#
#2026 09 11 14:18:01.579#Z#DEBUG#88040301-adeb-11f1-97e5-eeee0a8730ad.OPERATION#flowable-async-job-executor-thread-3800#
Step "Determine Application Service Binding Actions" finished#
#2026 09 11 14:18:01.595#Z#DEBUG#88040301-adeb-11f1-97e5-eeee0a8730ad.OPERATION#flowable-async-job-executor-thread-3803#
[DetermineApplicationServiceBindingActionsStep] Getting parameters of service binding "bc14e670-2bac-4b7f-821a-242aaff8a920"...#
#2026 09 11 14:18:01.778#Z#INFO#88040301-adeb-11f1-97e5-eeee0a8730ad.OPERATION#flowable-async-job-executor-thread-3803#
[DetermineApplicationServiceBindingActionsStep] Service instance "workorder-ai-db" will not be rebound to application "workorder-ai-db-deployer" because the binding parameters are not modified#
#2026 09 11 14:18:01.783#Z#DEBUG#88040301-adeb-11f1-97e5-eeee0a8730ad.OPERATION#flowable-async-job-executor-thread-3803#
[DetermineApplicationServiceBindingActionsStep] Calculated binding operations between application "workorder-ai-db-deployer" and service instance "workorder-ai-db": unbind - false bind - false#
#2026 09 11 14:18:01.783#Z#DEBUG#88040301-adeb-11f1-97e5-eeee0a8730ad.OPERATION#flowable-async-job-executor-thread-3803#
Step "Determine Application Service Binding Actions" finished#
#2026 09 11 14:18:01.904#Z#DEBUG#88040301-adeb-11f1-97e5-eeee0a8730ad.OPERATION#flowable-async-job-executor-thread-3803#
[DetermineVcapServicesPropertiesChangedStep] Executing task "determineVcapServicesPropertiesChangedTask" of process "98d8f072-adeb-11f1-9f17-eeee0a8895d7"...#
#2026 09 11 14:18:01.905#Z#DEBUG#88040301-adeb-11f1-97e5-eeee0a8730ad.OPERATION#flowable-async-job-executor-thread-3803#
[DetermineVcapServicesPropertiesChangedStep] VCAP_SERVICES properties for application "workorder-ai-db-deployer" changed: false#
#2026 09 11 14:18:01.905#Z#DEBUG#88040301-adeb-11f1-97e5-eeee0a8730ad.OPERATION#flowable-async-job-executor-thread-3803#
Step "Determine vcap services properties changed" finished#
#2026 09 11 14:18:01.936#Z#DEBUG#88040301-adeb-11f1-97e5-eeee0a8730ad.OPERATION#flowable-async-job-executor-thread-3803#
[UploadAppStep] Executing task "uploadAppTask" of process "98d8f072-adeb-11f1-9f17-eeee0a8895d7"...#
#2026 09 11 14:18:01.937#Z#DEBUG#88040301-adeb-11f1-97e5-eeee0a8730ad.OPERATION#flowable-async-job-executor-thread-3803#
[UploadAppStep] Application upload timeout is default one: 3,600 seconds#
#2026 09 11 14:18:01.937#Z#INFO#88040301-adeb-11f1-97e5-eeee0a8730ad.OPERATION#flowable-async-job-executor-thread-3803#
[UploadAppStep] Uploading application "workorder-ai-db-deployer"...#
#2026 09 11 14:18:01.942#Z#DEBUG#88040301-adeb-11f1-97e5-eeee0a8730ad.OPERATION#flowable-async-job-executor-thread-3803#
[UploadAppStep] Getting application "workorder-ai-db-deployer"...#
#2026 09 11 14:18:01.970#Z#DEBUG#88040301-adeb-11f1-97e5-eeee0a8730ad.OPERATION#flowable-async-job-executor-thread-3803#
[UploadAppStep] Getting environment of application "b6a8c635-8387-4f8d-b420-3a2ae6751e3c"...#
#2026 09 11 14:18:02.005#Z#INFO#88040301-adeb-11f1-97e5-eeee0a8730ad.OPERATION#flowable-async-job-executor-thread-3803#
[UploadAppStep] Calculating application digest: "workorder-ai-db-deployer"#
#2026 09 11 14:18:02.150#Z#DEBUG#88040301-adeb-11f1-97e5-eeee0a8730ad.OPERATION#flowable-async-job-executor-thread-3803#
Step "Upload App" finished#
#2026 09 11 14:18:02.592#Z#DEBUG#88040301-adeb-11f1-97e5-eeee0a8730ad.OPERATION#flowable-async-job-executor-thread-3503#
[CheckServiceBindingOperationStep] Executing task "checkForServiceBindingOperationInProgress" of process "9942fd61-adeb-11f1-97e5-eeee0a8730ad"...#
#2026 09 11 14:18:02.592#Z#DEBUG#88040301-adeb-11f1-97e5-eeee0a8730ad.OPERATION#flowable-async-job-executor-thread-3503#
[CheckServiceBindingOperationStep] Checking for service binding operation in progress between app "workorder-ai-srv" and service instance "workorder-ai-auth"#
#2026 09 11 14:18:02.593#Z#DEBUG#88040301-adeb-11f1-97e5-eeee0a8730ad.OPERATION#flowable-async-job-executor-thread-3503#
[CheckServiceBindingOperationStep] Getting application guid "workorder-ai-srv"...#
#2026 09 11 14:18:02.627#Z#DEBUG#88040301-adeb-11f1-97e5-eeee0a8730ad.OPERATION#flowable-async-job-executor-thread-3503#
[CheckServiceBindingOperationStep] Getting GUID of required service instance "workorder-ai-auth"...#
#2026 09 11 14:18:02.654#Z#DEBUG#88040301-adeb-11f1-97e5-eeee0a8730ad.OPERATION#flowable-async-job-executor-thread-3503#
[CheckServiceBindingOperationStep] Getting binding of service instance "4ce22c27-23bd-480b-a11a-4ff08c06dd5f" with application "1ffb686e-4da7-4f4e-8273-4041ccbb6419"...#
#2026 09 11 14:18:02.691#Z#DEBUG#88040301-adeb-11f1-97e5-eeee0a8730ad.OPERATION#flowable-async-job-executor-thread-3503#
[CheckServiceBindingOperationStep] Service binding operation "bac29222-4308-4ec4-8d3b-ce76c106cdf0" with type "create" is in state "succeeded"#
#2026 09 11 14:18:02.691#Z#DEBUG#88040301-adeb-11f1-97e5-eeee0a8730ad.OPERATION#flowable-async-job-executor-thread-3503#
Step "Check For Service Binding Operation In Progress" finished#
#2026 09 11 14:18:02.736#Z#DEBUG#88040301-adeb-11f1-97e5-eeee0a8730ad.OPERATION#flowable-async-job-executor-thread-3503#
[DetermineApplicationServiceBindingActionsStep] Executing task "determineApplicationServiceBindingActionsTask" of process "9942fd61-adeb-11f1-97e5-eeee0a8730ad"...#
#2026 09 11 14:18:02.745#Z#DEBUG#88040301-adeb-11f1-97e5-eeee0a8730ad.OPERATION#flowable-async-job-executor-thread-3503#
[DetermineApplicationServiceBindingActionsStep] Determine bind/unbind operations of application "workorder-ai-srv" to service instance "workorder-ai-auth"#
#2026 09 11 14:18:02.745#Z#DEBUG#88040301-adeb-11f1-97e5-eeee0a8730ad.OPERATION#flowable-async-job-executor-thread-3503#
[DetermineApplicationServiceBindingActionsStep] Getting application "workorder-ai-srv"...#
#2026 09 11 14:18:02.784#Z#DEBUG#88040301-adeb-11f1-97e5-eeee0a8730ad.OPERATION#flowable-async-job-executor-thread-3503#
[DetermineApplicationServiceBindingActionsStep] Binding parameters for application "workorder-ai-srv": { }#
#2026 09 11 14:18:02.816#Z#DEBUG#88040301-adeb-11f1-97e5-eeee0a8730ad.OPERATION#flowable-async-job-executor-thread-3503#
[DetermineApplicationServiceBindingActionsStep] Check should rebind application "workorder-ai-srv" and service instance "workorder-ai-auth"#
#2026 09 11 14:18:02.816#Z#DEBUG#88040301-adeb-11f1-97e5-eeee0a8730ad.OPERATION#flowable-async-job-executor-thread-3503#
[DetermineApplicationServiceBindingActionsStep] Getting GUID of required service instance "workorder-ai-auth"...#
#2026 09 11 14:18:02.851#Z#DEBUG#88040301-adeb-11f1-97e5-eeee0a8730ad.OPERATION#flowable-async-job-executor-thread-3503#
[DetermineApplicationServiceBindingActionsStep] Getting binding of service instance "4ce22c27-23bd-480b-a11a-4ff08c06dd5f" with application "1ffb686e-4da7-4f4e-8273-4041ccbb6419"...#
#2026 09 11 14:18:02.915#Z#DEBUG#88040301-adeb-11f1-97e5-eeee0a8730ad.OPERATION#flowable-async-job-executor-thread-3503#
[DetermineApplicationServiceBindingActionsStep] Getting parameters of service binding "bac29222-4308-4ec4-8d3b-ce76c106cdf0"...#
#2026 09 11 14:18:02.948#Z#WARN#88040301-adeb-11f1-97e5-eeee0a8730ad.OPERATION#flowable-async-job-executor-thread-3503#
[DetermineApplicationServiceBindingActionsStep] Cannot retrieve parameters of binding between application "workorder-ai-srv" and service instance "workorder-ai-auth"#
#2026 09 11 14:18:02.950#Z#DEBUG#88040301-adeb-11f1-97e5-eeee0a8730ad.OPERATION#flowable-async-job-executor-thread-3503#
[DetermineApplicationServiceBindingActionsStep] Calculated binding operations between application "workorder-ai-srv" and service instance "workorder-ai-auth": unbind - true bind - true#
#2026 09 11 14:18:02.950#Z#DEBUG#88040301-adeb-11f1-97e5-eeee0a8730ad.OPERATION#flowable-async-job-executor-thread-3503#
Step "Determine Application Service Binding Actions" finished#
#2026 09 11 14:18:02.990#Z#DEBUG#88040301-adeb-11f1-97e5-eeee0a8730ad.OPERATION#flowable-async-job-executor-thread-3503#
[UnbindServiceFromApplicationStep] Executing task "unbindServiceFromApplicationTask" of process "9942fd61-adeb-11f1-97e5-eeee0a8730ad"...#
#2026 09 11 14:18:02.992#Z#INFO#88040301-adeb-11f1-97e5-eeee0a8730ad.OPERATION#flowable-async-job-executor-thread-3503#
[UnbindServiceFromApplicationStep] Unbinding service instance "workorder-ai-auth" from application "workorder-ai-srv"...#
#2026 09 11 14:18:02.996#Z#DEBUG#88040301-adeb-11f1-97e5-eeee0a8730ad.OPERATION#flowable-async-job-executor-thread-3503#
[UnbindServiceFromApplicationStep] Unbinding application "workorder-ai-srv" from service instance "workorder-ai-auth"...#
#2026 09 11 14:18:03.163#Z#DEBUG#88040301-adeb-11f1-97e5-eeee0a8730ad.OPERATION#flowable-async-job-executor-thread-3503#
Step "Unbind Service from Application" finished#
#2026 09 11 14:18:09.853#Z#DEBUG#88040301-adeb-11f1-97e5-eeee0a8730ad.OPERATION#flowable-async-job-executor-thread-3203#
[UnbindServiceFromApplicationStep] Executing task "unbindServiceFromApplicationTask" of process "9942fd61-adeb-11f1-97e5-eeee0a8730ad"...#
#2026 09 11 14:18:09.856#Z#DEBUG#88040301-adeb-11f1-97e5-eeee0a8730ad.OPERATION#flowable-async-job-executor-thread-3203#
[UnbindServiceFromApplicationStep] Getting async job "aa3ad4a4-d12c-40c2-aa60-98d0901000e5"#
#2026 09 11 14:18:09.877#Z#DEBUG#88040301-adeb-11f1-97e5-eeee0a8730ad.OPERATION#flowable-async-job-executor-thread-3203#
[UnbindServiceFromApplicationStep] Getting service instance "workorder-ai-auth"...#
#2026 09 11 14:18:09.978#Z#DEBUG#88040301-adeb-11f1-97e5-eeee0a8730ad.OPERATION#flowable-async-job-executor-thread-3203#
[UnbindServiceFromApplicationStep] Async service binding operation with id "aa3ad4a4-d12c-40c2-aa60-98d0901000e5" finished#
#2026 09 11 14:18:09.981#Z#DEBUG#88040301-adeb-11f1-97e5-eeee0a8730ad.OPERATION#flowable-async-job-executor-thread-3203#
Step "Unbind Service from Application" finished#
#2026 09 11 14:18:10.027#Z#DEBUG#88040301-adeb-11f1-97e5-eeee0a8730ad.OPERATION#flowable-async-job-executor-thread-3204#
[BindServiceToApplicationStep] Executing task "bindServiceToApplicationTask" of process "9942fd61-adeb-11f1-97e5-eeee0a8730ad"...#
#2026 09 11 14:18:10.029#Z#INFO#88040301-adeb-11f1-97e5-eeee0a8730ad.OPERATION#flowable-async-job-executor-thread-3204#
[BindServiceToApplicationStep] Binding service instance "workorder-ai-auth" to application "workorder-ai-srv"...#
#2026 09 11 14:18:10.039#Z#DEBUG#88040301-adeb-11f1-97e5-eeee0a8730ad.OPERATION#flowable-async-job-executor-thread-3204#
[BindServiceToApplicationStep] Binding service instance "workorder-ai-auth" to application "workorder-ai-srv" with parameters: { }#
#2026 09 11 14:18:10.164#Z#DEBUG#88040301-adeb-11f1-97e5-eeee0a8730ad.OPERATION#flowable-async-job-executor-thread-3204#
Step "Bind Service to Application" finished#
#2026 09 11 14:18:09.829#Z#DEBUG#88040301-adeb-11f1-97e5-eeee0a8730ad.OPERATION#flowable-async-job-executor-thread-3510#
[UploadAppStep] Executing task "uploadAppTask" of process "98d8f072-adeb-11f1-9f17-eeee0a8895d7"...#
#2026 09 11 14:18:09.831#Z#DEBUG#88040301-adeb-11f1-97e5-eeee0a8730ad.OPERATION#flowable-async-job-executor-thread-3510#
[UploadAppStep] Application upload timeout is default one: 3,600 seconds#
#2026 09 11 14:18:09.834#Z#DEBUG#88040301-adeb-11f1-97e5-eeee0a8730ad.OPERATION#pool-14-thread-5#
[UploadAppStep] Upload of application: workorder-ai-db-deployer started on instance: 1#
#2026 09 11 14:18:09.834#Z#DEBUG#88040301-adeb-11f1-97e5-eeee0a8730ad.OPERATION#pool-14-thread-5#
[UploadAppStep] Uploading file "workorder-ai-db-deployer/data.zip" for application "workorder-ai-db-deployer"#
#2026 09 11 14:18:10.027#Z#INFO#88040301-adeb-11f1-97e5-eeee0a8730ad.OPERATION#pool-14-thread-5#
[UploadAppStep] Time elapsed for app binary download: 193 in millis#
#2026 09 11 14:18:10.027#Z#INFO#88040301-adeb-11f1-97e5-eeee0a8730ad.OPERATION#pool-14-thread-5#
[UploadAppStep] Size of app workorder-ai-db-deployer is 2,452,038 bytes#
#2026 09 11 14:18:10.027#Z#DEBUG#88040301-adeb-11f1-97e5-eeee0a8730ad.OPERATION#pool-14-thread-5#
[UploadAppStep] Asynchronously uploading binaries for application "workorder-ai-db-deployer"...#
#2026 09 11 14:18:10.263#Z#INFO#88040301-adeb-11f1-97e5-eeee0a8730ad.OPERATION#pool-14-thread-5#
[UploadAppStep] Started async upload of application "workorder-ai-db-deployer"#
#2026 09 11 14:18:10.268#Z#INFO#88040301-adeb-11f1-97e5-eeee0a8730ad.OPERATION#flowable-async-job-executor-thread-3510#
[UploadAppStep] Time elapsed for upload: 437 in millis#
#2026 09 11 14:18:10.269#Z#DEBUG#88040301-adeb-11f1-97e5-eeee0a8730ad.OPERATION#flowable-async-job-executor-thread-3510#
[UploadAppStep] Getting application "workorder-ai-db-deployer"...#
#2026 09 11 14:18:10.291#Z#DEBUG#88040301-adeb-11f1-97e5-eeee0a8730ad.OPERATION#App upload monitor: d9118e6c-b672-4fa5-b4f1-6a64d800f014#
[UploadAppStep] Upload status: PROCESSING_UPLOAD#
#2026 09 11 14:18:10.295#Z#DEBUG#88040301-adeb-11f1-97e5-eeee0a8730ad.OPERATION#flowable-async-job-executor-thread-3510#
[UploadAppStep] Getting environment of application "b6a8c635-8387-4f8d-b420-3a2ae6751e3c"...#
#2026 09 11 14:18:10.328#Z#DEBUG#88040301-adeb-11f1-97e5-eeee0a8730ad.OPERATION#flowable-async-job-executor-thread-3510#
[UploadAppStep] Updating environment of application "workorder-ai-db-deployer"#
#2026 09 11 14:18:10.408#Z#DEBUG#88040301-adeb-11f1-97e5-eeee0a8730ad.OPERATION#flowable-async-job-executor-thread-3510#
Step "Upload App" finished#
#2026 09 11 14:18:19.932#Z#DEBUG#88040301-adeb-11f1-97e5-eeee0a8730ad.OPERATION#flowable-async-job-executor-thread-3214#
[UploadAppStep] Executing task "uploadAppTask" of process "98d8f072-adeb-11f1-9f17-eeee0a8895d7"...#
#2026 09 11 14:18:19.933#Z#DEBUG#88040301-adeb-11f1-97e5-eeee0a8730ad.OPERATION#flowable-async-job-executor-thread-3214#
[UploadAppStep] Application upload timeout is default one: 3,600 seconds#
#2026 09 11 14:18:19.933#Z#DEBUG#88040301-adeb-11f1-97e5-eeee0a8730ad.OPERATION#flowable-async-job-executor-thread-3214#
[UploadAppStep] Checking upload status of application "workorder-ai-db-deployer"...#
#2026 09 11 14:18:19.934#Z#DEBUG#88040301-adeb-11f1-97e5-eeee0a8730ad.OPERATION#flowable-async-job-executor-thread-3214#
[UploadAppStep] Getting package "d9118e6c-b672-4fa5-b4f1-6a64d800f014"...#
#2026 09 11 14:18:19.961#Z#DEBUG#88040301-adeb-11f1-97e5-eeee0a8730ad.OPERATION#flowable-async-job-executor-thread-3214#
[UploadAppStep] Application "workorder-ai-db-deployer" uploaded#
#2026 09 11 14:18:19.962#Z#DEBUG#88040301-adeb-11f1-97e5-eeee0a8730ad.OPERATION#flowable-async-job-executor-thread-3214#
Step "Upload App" finished#
#2026 09 11 14:18:19.865#Z#DEBUG#88040301-adeb-11f1-97e5-eeee0a8730ad.OPERATION#flowable-async-job-executor-thread-3814#
[BindServiceToApplicationStep] Executing task "bindServiceToApplicationTask" of process "9942fd61-adeb-11f1-97e5-eeee0a8730ad"...#
#2026 09 11 14:18:19.866#Z#DEBUG#88040301-adeb-11f1-97e5-eeee0a8730ad.OPERATION#flowable-async-job-executor-thread-3814#
[BindServiceToApplicationStep] Getting async job "bc051bdf-900a-4644-9bd9-2bf74775b3f8"#
#2026 09 11 14:18:19.898#Z#DEBUG#88040301-adeb-11f1-97e5-eeee0a8730ad.OPERATION#flowable-async-job-executor-thread-3814#
[BindServiceToApplicationStep] Getting service instance "workorder-ai-auth"...#
#2026 09 11 14:18:20.004#Z#DEBUG#88040301-adeb-11f1-97e5-eeee0a8730ad.OPERATION#flowable-async-job-executor-thread-3814#
[BindServiceToApplicationStep] Async service binding operation with id "bc051bdf-900a-4644-9bd9-2bf74775b3f8" finished#
#2026 09 11 14:18:20.005#Z#DEBUG#88040301-adeb-11f1-97e5-eeee0a8730ad.OPERATION#flowable-async-job-executor-thread-3814#
Step "Bind Service to Application" finished#
#2026 09 11 14:18:20.006#Z#DEBUG#88040301-adeb-11f1-97e5-eeee0a8730ad.OPERATION#flowable-async-job-executor-thread-3216#
[ScaleAppStep] Executing task "scaleAppTask" of process "98d8f072-adeb-11f1-9f17-eeee0a8895d7"...#
#2026 09 11 14:18:20.009#Z#DEBUG#88040301-adeb-11f1-97e5-eeee0a8730ad.OPERATION#flowable-async-job-executor-thread-3216#
[ScaleAppStep] Scaling application "workorder-ai-db-deployer"...#
#2026 09 11 14:18:20.009#Z#DEBUG#88040301-adeb-11f1-97e5-eeee0a8730ad.OPERATION#flowable-async-job-executor-thread-3216#
[ScaleAppStep] Getting application guid "workorder-ai-db-deployer"...#
#2026 09 11 14:18:20.045#Z#DEBUG#88040301-adeb-11f1-97e5-eeee0a8730ad.OPERATION#flowable-async-job-executor-thread-3216#
[ScaleAppStep] Getting process for application "b6a8c635-8387-4f8d-b420-3a2ae6751e3c"...#
#2026 09 11 14:18:20.080#Z#DEBUG#88040301-adeb-11f1-97e5-eeee0a8730ad.OPERATION#flowable-async-job-executor-thread-3216#
[ScaleAppStep] Application "workorder-ai-db-deployer" scaled#
#2026 09 11 14:18:20.080#Z#DEBUG#88040301-adeb-11f1-97e5-eeee0a8730ad.OPERATION#flowable-async-job-executor-thread-3216#
Step "Scale App" finished#
#2026 09 11 14:18:20.155#Z#DEBUG#88040301-adeb-11f1-97e5-eeee0a8730ad.OPERATION#flowable-async-job-executor-thread-3814#
[DetermineVcapServicesPropertiesChangedStep] Executing task "determineVcapServicesPropertiesChangedTask" of process "a3b713cd-adeb-11f1-9f17-eeee0a8895d7"...#
#2026 09 11 14:18:20.157#Z#DEBUG#88040301-adeb-11f1-97e5-eeee0a8730ad.OPERATION#flowable-async-job-executor-thread-3814#
[DetermineVcapServicesPropertiesChangedStep] VCAP_SERVICES properties for application "workorder-ai-srv" changed: true#
#2026 09 11 14:18:20.157#Z#DEBUG#88040301-adeb-11f1-97e5-eeee0a8730ad.OPERATION#flowable-async-job-executor-thread-3814#
Step "Determine vcap services properties changed" finished#
#2026 09 11 14:18:20.119#Z#DEBUG#88040301-adeb-11f1-97e5-eeee0a8730ad.OPERATION#flowable-async-job-executor-thread-3217#
[DetermineDesiredStateAchievingActionsStep] Executing task "determineDesiredStateAchievingActionsTask" of process "98d8f072-adeb-11f1-9f17-eeee0a8895d7"...#
#2026 09 11 14:18:20.122#Z#DEBUG#88040301-adeb-11f1-97e5-eeee0a8730ad.OPERATION#flowable-async-job-executor-thread-3217#
[DetermineDesiredStateAchievingActionsStep] Getting application "workorder-ai-db-deployer"...#
#2026 09 11 14:18:20.154#Z#DEBUG#88040301-adeb-11f1-97e5-eeee0a8730ad.OPERATION#flowable-async-job-executor-thread-3217#
[DetermineDesiredStateAchievingActionsStep] Getting instances for application "workorder-ai-db-deployer"...#
#2026 09 11 14:18:20.155#Z#DEBUG#88040301-adeb-11f1-97e5-eeee0a8730ad.OPERATION#flowable-async-job-executor-thread-3217#
[DetermineDesiredStateAchievingActionsStep] Getting environment of application "b6a8c635-8387-4f8d-b420-3a2ae6751e3c"...#
#2026 09 11 14:18:20.190#Z#DEBUG#88040301-adeb-11f1-97e5-eeee0a8730ad.OPERATION#flowable-async-job-executor-thread-3217#
[DetermineDesiredStateAchievingActionsStep] Current state of application workorder-ai-db-deployer: STOPPED#
#2026 09 11 14:18:20.190#Z#DEBUG#88040301-adeb-11f1-97e5-eeee0a8730ad.OPERATION#flowable-async-job-executor-thread-3217#
[DetermineDesiredStateAchievingActionsStep] Desired state of application workorder-ai-db-deployer: STOPPED#
#2026 09 11 14:18:20.190#Z#DEBUG#88040301-adeb-11f1-97e5-eeee0a8730ad.OPERATION#flowable-async-job-executor-thread-3217#
[DetermineDesiredStateAchievingActionsStep] Actions that should be executed on application workorder-ai-db-deployer: [STAGE]#
#2026 09 11 14:18:20.190#Z#DEBUG#88040301-adeb-11f1-97e5-eeee0a8730ad.OPERATION#flowable-async-job-executor-thread-3217#
Step "Determine Desired State Achieving Actions" finished#
#2026 09 11 14:18:20.289#Z#DEBUG#88040301-adeb-11f1-97e5-eeee0a8730ad.OPERATION#flowable-async-job-executor-thread-3217#
[StageAppStep] Executing task "stageAppTask" of process "98d8f072-adeb-11f1-9f17-eeee0a8895d7"...#
#2026 09 11 14:18:20.290#Z#DEBUG#88040301-adeb-11f1-97e5-eeee0a8730ad.OPERATION#flowable-async-job-executor-thread-3217#
[StageAppStep] Application stage timeout is default one: 3,600 seconds#
#2026 09 11 14:18:20.292#Z#INFO#88040301-adeb-11f1-97e5-eeee0a8730ad.OPERATION#flowable-async-job-executor-thread-3217#
[StageAppStep] Staging application "workorder-ai-db-deployer"...#
#2026 09 11 14:18:20.299#Z#DEBUG#88040301-adeb-11f1-97e5-eeee0a8730ad.OPERATION#flowable-async-job-executor-thread-3217#
[StageAppStep] Creating build for package "d9118e6c-b672-4fa5-b4f1-6a64d800f014"...#
#2026 09 11 14:18:20.754#Z#DEBUG#88040301-adeb-11f1-97e5-eeee0a8730ad.OPERATION#flowable-async-job-executor-thread-3217#
Step "Stage App" finished#
#2026 09 11 14:18:20.195#Z#DEBUG#88040301-adeb-11f1-97e5-eeee0a8730ad.OPERATION#flowable-async-job-executor-thread-3814#
[UploadAppStep] Executing task "uploadAppTask" of process "a3b713cd-adeb-11f1-9f17-eeee0a8895d7"...#
#2026 09 11 14:18:20.196#Z#DEBUG#88040301-adeb-11f1-97e5-eeee0a8730ad.OPERATION#flowable-async-job-executor-thread-3814#
[UploadAppStep] Application upload timeout is default one: 3,600 seconds#
#2026 09 11 14:18:20.196#Z#INFO#88040301-adeb-11f1-97e5-eeee0a8730ad.OPERATION#flowable-async-job-executor-thread-3814#
[UploadAppStep] Uploading application "workorder-ai-srv"...#
#2026 09 11 14:18:20.202#Z#DEBUG#88040301-adeb-11f1-97e5-eeee0a8730ad.OPERATION#flowable-async-job-executor-thread-3814#
[UploadAppStep] Getting application "workorder-ai-srv"...#
#2026 09 11 14:18:20.241#Z#DEBUG#88040301-adeb-11f1-97e5-eeee0a8730ad.OPERATION#flowable-async-job-executor-thread-3814#
[UploadAppStep] Getting environment of application "1ffb686e-4da7-4f4e-8273-4041ccbb6419"...#
#2026 09 11 14:18:20.289#Z#INFO#88040301-adeb-11f1-97e5-eeee0a8730ad.OPERATION#flowable-async-job-executor-thread-3814#
[UploadAppStep] Calculating application digest: "workorder-ai-srv"#
#2026 09 11 14:18:24.943#Z#DEBUG#88040301-adeb-11f1-97e5-eeee0a8730ad.OPERATION#flowable-async-job-executor-thread-3814#
Step "Upload App" finished#
#2026 09 11 14:18:29.976#Z#DEBUG#88040301-adeb-11f1-97e5-eeee0a8730ad.OPERATION#flowable-async-job-executor-thread-3223#
[StageAppStep] Executing task "stageAppTask" of process "98d8f072-adeb-11f1-9f17-eeee0a8895d7"...#
#2026 09 11 14:18:29.977#Z#DEBUG#88040301-adeb-11f1-97e5-eeee0a8730ad.OPERATION#flowable-async-job-executor-thread-3223#
[StageAppStep] Application stage timeout is default one: 3,600 seconds#
#2026 09 11 14:18:29.979#Z#DEBUG#88040301-adeb-11f1-97e5-eeee0a8730ad.OPERATION#flowable-async-job-executor-thread-3223#
[StageAppStep] Checking status of application "workorder-ai-db-deployer"...#
#2026 09 11 14:18:29.979#Z#DEBUG#88040301-adeb-11f1-97e5-eeee0a8730ad.OPERATION#flowable-async-job-executor-thread-3223#
[StageAppStep] Getting build "17cc0483-f9da-4c51-83ee-1a42e0ca12f2"...#
#2026 09 11 14:18:30.024#Z#DEBUG#88040301-adeb-11f1-97e5-eeee0a8730ad.OPERATION#flowable-async-job-executor-thread-3223#
[StageAppStep] Staging status of application "workorder-ai-db-deployer": PENDING#
#2026 09 11 14:18:30.027#Z#DEBUG#88040301-adeb-11f1-97e5-eeee0a8730ad.OPERATION#flowable-async-job-executor-thread-3223#
[StageAppStep] Getting application guid "workorder-ai-db-deployer"...#
#2026 09 11 14:18:30.144#Z#DEBUG#88040301-adeb-11f1-97e5-eeee0a8730ad.OPERATION#flowable-async-job-executor-thread-3223#
Step "Stage App" finished#
#2026 09 11 14:18:30.018#Z#DEBUG#88040301-adeb-11f1-97e5-eeee0a8730ad.OPERATION#flowable-async-job-executor-thread-3823#
[UploadAppStep] Executing task "uploadAppTask" of process "a3b713cd-adeb-11f1-9f17-eeee0a8895d7"...#
#2026 09 11 14:18:30.021#Z#DEBUG#88040301-adeb-11f1-97e5-eeee0a8730ad.OPERATION#flowable-async-job-executor-thread-3823#
[UploadAppStep] Application upload timeout is default one: 3,600 seconds#
#2026 09 11 14:18:30.024#Z#DEBUG#88040301-adeb-11f1-97e5-eeee0a8730ad.OPERATION#pool-14-thread-5#
[UploadAppStep] Upload of application: workorder-ai-srv started on instance: 0#
#2026 09 11 14:18:30.024#Z#DEBUG#88040301-adeb-11f1-97e5-eeee0a8730ad.OPERATION#pool-14-thread-5#
[UploadAppStep] Uploading file "workorder-ai-srv/data.zip" for application "workorder-ai-srv"#
#2026 09 11 14:18:34.578#Z#INFO#88040301-adeb-11f1-97e5-eeee0a8730ad.OPERATION#pool-14-thread-5#
[UploadAppStep] Time elapsed for app binary download: 4,554 in millis#
#2026 09 11 14:18:34.579#Z#INFO#88040301-adeb-11f1-97e5-eeee0a8730ad.OPERATION#pool-14-thread-5#
[UploadAppStep] Size of app workorder-ai-srv is 332,887,925 bytes#
#2026 09 11 14:18:34.579#Z#DEBUG#88040301-adeb-11f1-97e5-eeee0a8730ad.OPERATION#pool-14-thread-5#
[UploadAppStep] Asynchronously uploading binaries for application "workorder-ai-srv"...#
#2026 09 11 14:18:36.772#Z#INFO#88040301-adeb-11f1-97e5-eeee0a8730ad.OPERATION#pool-14-thread-5#
[UploadAppStep] Started async upload of application "workorder-ai-srv"#
#2026 09 11 14:18:36.778#Z#INFO#88040301-adeb-11f1-97e5-eeee0a8730ad.OPERATION#flowable-async-job-executor-thread-3823#
[UploadAppStep] Time elapsed for upload: 6,756 in millis#
#2026 09 11 14:18:36.778#Z#DEBUG#88040301-adeb-11f1-97e5-eeee0a8730ad.OPERATION#flowable-async-job-executor-thread-3823#
[UploadAppStep] Getting application "workorder-ai-srv"...#
#2026 09 11 14:18:36.796#Z#DEBUG#88040301-adeb-11f1-97e5-eeee0a8730ad.OPERATION#App upload monitor: 55229827-1898-43a9-a458-1870873c3836#
[UploadAppStep] Upload status: PROCESSING_UPLOAD#
#2026 09 11 14:18:36.808#Z#DEBUG#88040301-adeb-11f1-97e5-eeee0a8730ad.OPERATION#flowable-async-job-executor-thread-3823#
[UploadAppStep] Getting environment of application "1ffb686e-4da7-4f4e-8273-4041ccbb6419"...#
#2026 09 11 14:18:36.853#Z#DEBUG#88040301-adeb-11f1-97e5-eeee0a8730ad.OPERATION#flowable-async-job-executor-thread-3823#
[UploadAppStep] Updating environment of application "workorder-ai-srv"#
#2026 09 11 14:18:36.950#Z#DEBUG#88040301-adeb-11f1-97e5-eeee0a8730ad.OPERATION#flowable-async-job-executor-thread-3823#
Step "Upload App" finished#
#2026 09 11 14:18:40.097#Z#DEBUG#88040301-adeb-11f1-97e5-eeee0a8730ad.OPERATION#flowable-async-job-executor-thread-3533#
[StageAppStep] Executing task "stageAppTask" of process "98d8f072-adeb-11f1-9f17-eeee0a8895d7"...#
#2026 09 11 14:18:40.099#Z#DEBUG#88040301-adeb-11f1-97e5-eeee0a8730ad.OPERATION#flowable-async-job-executor-thread-3533#
[StageAppStep] Application stage timeout is default one: 3,600 seconds#
#2026 09 11 14:18:40.100#Z#DEBUG#88040301-adeb-11f1-97e5-eeee0a8730ad.OPERATION#flowable-async-job-executor-thread-3533#
[StageAppStep] Checking status of application "workorder-ai-db-deployer"...#
#2026 09 11 14:18:40.100#Z#DEBUG#88040301-adeb-11f1-97e5-eeee0a8730ad.OPERATION#flowable-async-job-executor-thread-3533#
[StageAppStep] Getting build "17cc0483-f9da-4c51-83ee-1a42e0ca12f2"...#
#2026 09 11 14:18:40.136#Z#DEBUG#88040301-adeb-11f1-97e5-eeee0a8730ad.OPERATION#flowable-async-job-executor-thread-3533#
[StageAppStep] Staging status of application "workorder-ai-db-deployer": PENDING#
#2026 09 11 14:18:40.139#Z#DEBUG#88040301-adeb-11f1-97e5-eeee0a8730ad.OPERATION#flowable-async-job-executor-thread-3533#
[StageAppStep] Getting application guid "workorder-ai-db-deployer"...#
#2026 09 11 14:18:40.242#Z#DEBUG#88040301-adeb-11f1-97e5-eeee0a8730ad.OPERATION#flowable-async-job-executor-thread-3533#
Step "Stage App" finished#
#2026 09 11 14:18:41.830#Z#DEBUG#88040301-adeb-11f1-97e5-eeee0a8730ad.OPERATION#App upload monitor: 55229827-1898-43a9-a458-1870873c3836#
[UploadAppStep] Upload status: PROCESSING_UPLOAD#
#2026 09 11 14:18:46.858#Z#DEBUG#88040301-adeb-11f1-97e5-eeee0a8730ad.OPERATION#App upload monitor: 55229827-1898-43a9-a458-1870873c3836#
[UploadAppStep] Upload status: PROCESSING_UPLOAD#
#2026 09 11 14:18:50.302#Z#DEBUG#88040301-adeb-11f1-97e5-eeee0a8730ad.OPERATION#flowable-async-job-executor-thread-3839#
[UploadAppStep] Executing task "uploadAppTask" of process "a3b713cd-adeb-11f1-9f17-eeee0a8895d7"...#
#2026 09 11 14:18:50.303#Z#DEBUG#88040301-adeb-11f1-97e5-eeee0a8730ad.OPERATION#flowable-async-job-executor-thread-3839#
[UploadAppStep] Application upload timeout is default one: 3,600 seconds#
#2026 09 11 14:18:50.303#Z#DEBUG#88040301-adeb-11f1-97e5-eeee0a8730ad.OPERATION#flowable-async-job-executor-thread-3839#
[UploadAppStep] Checking upload status of application "workorder-ai-srv"...#
#2026 09 11 14:18:50.304#Z#DEBUG#88040301-adeb-11f1-97e5-eeee0a8730ad.OPERATION#flowable-async-job-executor-thread-3839#
[UploadAppStep] Getting package "55229827-1898-43a9-a458-1870873c3836"...#
#2026 09 11 14:18:50.329#Z#DEBUG#88040301-adeb-11f1-97e5-eeee0a8730ad.OPERATION#flowable-async-job-executor-thread-3839#
Step "Upload App" finished#
#2026 09 11 14:18:50.198#Z#DEBUG#88040301-adeb-11f1-97e5-eeee0a8730ad.OPERATION#flowable-async-job-executor-thread-3834#
[StageAppStep] Executing task "stageAppTask" of process "98d8f072-adeb-11f1-9f17-eeee0a8895d7"...#
#2026 09 11 14:18:50.200#Z#DEBUG#88040301-adeb-11f1-97e5-eeee0a8730ad.OPERATION#flowable-async-job-executor-thread-3834#
[StageAppStep] Application stage timeout is default one: 3,600 seconds#
#2026 09 11 14:18:50.202#Z#DEBUG#88040301-adeb-11f1-97e5-eeee0a8730ad.OPERATION#flowable-async-job-executor-thread-3834#
[StageAppStep] Checking status of application "workorder-ai-db-deployer"...#
#2026 09 11 14:18:50.202#Z#DEBUG#88040301-adeb-11f1-97e5-eeee0a8730ad.OPERATION#flowable-async-job-executor-thread-3834#
[StageAppStep] Getting build "17cc0483-f9da-4c51-83ee-1a42e0ca12f2"...#
#2026 09 11 14:18:50.238#Z#DEBUG#88040301-adeb-11f1-97e5-eeee0a8730ad.OPERATION#flowable-async-job-executor-thread-3834#
[StageAppStep] Staging status of application "workorder-ai-db-deployer": STAGED#
#2026 09 11 14:18:50.241#Z#DEBUG#88040301-adeb-11f1-97e5-eeee0a8730ad.OPERATION#flowable-async-job-executor-thread-3834#
[StageAppStep] Getting application guid "workorder-ai-db-deployer"...#
#2026 09 11 14:18:50.318#Z#DEBUG#88040301-adeb-11f1-97e5-eeee0a8730ad.OPERATION#flowable-async-job-executor-thread-3834#
[StageAppStep] Getting build "17cc0483-f9da-4c51-83ee-1a42e0ca12f2"...#
#2026 09 11 14:18:50.352#Z#DEBUG#88040301-adeb-11f1-97e5-eeee0a8730ad.OPERATION#flowable-async-job-executor-thread-3834#
[StageAppStep] Binding droplet "c363da42-443a-4a47-8cb5-cf5a749a59a0" to application "b6a8c635-8387-4f8d-b420-3a2ae6751e3c"...#
#2026 09 11 14:18:50.405#Z#INFO#88040301-adeb-11f1-97e5-eeee0a8730ad.OPERATION#flowable-async-job-executor-thread-3834#
[StageAppStep] Application "workorder-ai-db-deployer" staged#
#2026 09 11 14:18:50.414#Z#DEBUG#88040301-adeb-11f1-97e5-eeee0a8730ad.OPERATION#flowable-async-job-executor-thread-3834#
Step "Stage App" finished#
#2026 09 11 14:18:50.506#Z#DEBUG#88040301-adeb-11f1-97e5-eeee0a8730ad.OPERATION#flowable-async-job-executor-thread-3834#
[PrepareToExecuteTasksStep] Executing task "prepareToExecuteTasksTask" of process "b5d3c3a2-adeb-11f1-9f17-eeee0a8895d7"...#
#2026 09 11 14:18:50.509#Z#DEBUG#88040301-adeb-11f1-97e5-eeee0a8730ad.OPERATION#flowable-async-job-executor-thread-3834#
Step "Prepare To Execute Tasks" finished#
#2026 09 11 14:18:50.540#Z#DEBUG#88040301-adeb-11f1-97e5-eeee0a8730ad.OPERATION#flowable-async-job-executor-thread-3834#
[ExecuteTaskStep] Executing task "executeTaskTask" of process "b5d3c3a2-adeb-11f1-9f17-eeee0a8895d7"...#
#2026 09 11 14:18:50.541#Z#DEBUG#88040301-adeb-11f1-97e5-eeee0a8730ad.OPERATION#flowable-async-job-executor-thread-3834#
[ExecuteTaskStep] Application task execution timeout is default one: 43,200 seconds#
#2026 09 11 14:18:50.543#Z#INFO#88040301-adeb-11f1-97e5-eeee0a8730ad.OPERATION#flowable-async-job-executor-thread-3834#
[ExecuteTaskStep] Executing task "deploy" on application "workorder-ai-db-deployer"...#
#2026 09 11 14:18:50.551#Z#DEBUG#88040301-adeb-11f1-97e5-eeee0a8730ad.OPERATION#flowable-async-job-executor-thread-3834#
[ExecuteTaskStep] Running task on application "workorder-ai-db-deployer": {
  "name" : "deploy",
  "command" : "npm start",
  "limits" : {
    "memory" : 256
  }
}#
#2026 09 11 14:18:50.834#Z#DEBUG#88040301-adeb-11f1-97e5-eeee0a8730ad.OPERATION#flowable-async-job-executor-thread-3834#
Step "Execute Task" finished#
#2026 09 11 14:18:51.884#Z#DEBUG#88040301-adeb-11f1-97e5-eeee0a8730ad.OPERATION#App upload monitor: 55229827-1898-43a9-a458-1870873c3836#
[UploadAppStep] Upload status: PROCESSING_UPLOAD#
#2026 09 11 14:18:56.905#Z#DEBUG#88040301-adeb-11f1-97e5-eeee0a8730ad.OPERATION#App upload monitor: 55229827-1898-43a9-a458-1870873c3836#
[UploadAppStep] Upload status: PROCESSING_UPLOAD#
#2026 09 11 14:19:00.454#Z#DEBUG#88040301-adeb-11f1-97e5-eeee0a8730ad.OPERATION#flowable-async-job-executor-thread-3834#
[UploadAppStep] Executing task "uploadAppTask" of process "a3b713cd-adeb-11f1-9f17-eeee0a8895d7"...#
#2026 09 11 14:19:00.455#Z#DEBUG#88040301-adeb-11f1-97e5-eeee0a8730ad.OPERATION#flowable-async-job-executor-thread-3834#
[UploadAppStep] Application upload timeout is default one: 3,600 seconds#
#2026 09 11 14:19:00.456#Z#DEBUG#88040301-adeb-11f1-97e5-eeee0a8730ad.OPERATION#flowable-async-job-executor-thread-3834#
[UploadAppStep] Checking upload status of application "workorder-ai-srv"...#
#2026 09 11 14:19:00.457#Z#DEBUG#88040301-adeb-11f1-97e5-eeee0a8730ad.OPERATION#flowable-async-job-executor-thread-3834#
[UploadAppStep] Getting package "55229827-1898-43a9-a458-1870873c3836"...#
#2026 09 11 14:19:00.479#Z#DEBUG#88040301-adeb-11f1-97e5-eeee0a8730ad.OPERATION#flowable-async-job-executor-thread-3834#
[UploadAppStep] Application "workorder-ai-srv" uploaded#
#2026 09 11 14:19:00.481#Z#DEBUG#88040301-adeb-11f1-97e5-eeee0a8730ad.OPERATION#flowable-async-job-executor-thread-3834#
Step "Upload App" finished#
#2026 09 11 14:19:00.399#Z#DEBUG#88040301-adeb-11f1-97e5-eeee0a8730ad.OPERATION#flowable-async-job-executor-thread-3245#
[ExecuteTaskStep] Executing task "executeTaskTask" of process "b5d3c3a2-adeb-11f1-9f17-eeee0a8895d7"...#
#2026 09 11 14:19:00.400#Z#DEBUG#88040301-adeb-11f1-97e5-eeee0a8730ad.OPERATION#flowable-async-job-executor-thread-3245#
[ExecuteTaskStep] Application task execution timeout is default one: 43,200 seconds#
#2026 09 11 14:19:00.402#Z#DEBUG#88040301-adeb-11f1-97e5-eeee0a8730ad.OPERATION#flowable-async-job-executor-thread-3245#
[ExecuteTaskStep] Getting task "d02325d2-3d0f-44c1-b60a-8fe2645bb419"...#
#2026 09 11 14:19:00.437#Z#DEBUG#88040301-adeb-11f1-97e5-eeee0a8730ad.OPERATION#flowable-async-job-executor-thread-3245#
[ExecuteTaskStep] Task execution status: succeeded#
#2026 09 11 14:19:00.441#Z#DEBUG#88040301-adeb-11f1-97e5-eeee0a8730ad.OPERATION#flowable-async-job-executor-thread-3245#
[ExecuteTaskStep] Getting application guid "workorder-ai-db-deployer"...#
#2026 09 11 14:19:00.593#Z#DEBUG#88040301-adeb-11f1-97e5-eeee0a8730ad.OPERATION#flowable-async-job-executor-thread-3245#
Step "Execute Task" finished#
#2026 09 11 14:19:00.574#Z#DEBUG#88040301-adeb-11f1-97e5-eeee0a8730ad.OPERATION#flowable-async-job-executor-thread-3844#
[ScaleAppStep] Executing task "scaleAppTask" of process "a3b713cd-adeb-11f1-9f17-eeee0a8895d7"...#
#2026 09 11 14:19:00.577#Z#DEBUG#88040301-adeb-11f1-97e5-eeee0a8730ad.OPERATION#flowable-async-job-executor-thread-3844#
[ScaleAppStep] Scaling application "workorder-ai-srv"...#
#2026 09 11 14:19:00.577#Z#DEBUG#88040301-adeb-11f1-97e5-eeee0a8730ad.OPERATION#flowable-async-job-executor-thread-3844#
[ScaleAppStep] Getting application guid "workorder-ai-srv"...#
#2026 09 11 14:19:00.613#Z#DEBUG#88040301-adeb-11f1-97e5-eeee0a8730ad.OPERATION#flowable-async-job-executor-thread-3844#
[ScaleAppStep] Getting process for application "1ffb686e-4da7-4f4e-8273-4041ccbb6419"...#
#2026 09 11 14:19:00.651#Z#DEBUG#88040301-adeb-11f1-97e5-eeee0a8730ad.OPERATION#flowable-async-job-executor-thread-3844#
[ScaleAppStep] Application "workorder-ai-srv" scaled#
#2026 09 11 14:19:00.651#Z#DEBUG#88040301-adeb-11f1-97e5-eeee0a8730ad.OPERATION#flowable-async-job-executor-thread-3844#
Step "Scale App" finished#
#2026 09 11 14:19:00.696#Z#DEBUG#88040301-adeb-11f1-97e5-eeee0a8730ad.OPERATION#flowable-async-job-executor-thread-3836#
[DetermineDesiredStateAchievingActionsStep] Executing task "determineDesiredStateAchievingActionsTask" of process "a3b713cd-adeb-11f1-9f17-eeee0a8895d7"...#
#2026 09 11 14:19:00.698#Z#DEBUG#88040301-adeb-11f1-97e5-eeee0a8730ad.OPERATION#flowable-async-job-executor-thread-3836#
[DetermineDesiredStateAchievingActionsStep] Getting application "workorder-ai-srv"...#
#2026 09 11 14:19:00.728#Z#DEBUG#88040301-adeb-11f1-97e5-eeee0a8730ad.OPERATION#flowable-async-job-executor-thread-3836#
[DetermineDesiredStateAchievingActionsStep] Getting instances for application "workorder-ai-srv"...#
#2026 09 11 14:19:00.775#Z#DEBUG#88040301-adeb-11f1-97e5-eeee0a8730ad.OPERATION#flowable-async-job-executor-thread-3836#
[DetermineDesiredStateAchievingActionsStep] Getting environment of application "1ffb686e-4da7-4f4e-8273-4041ccbb6419"...#
#2026 09 11 14:19:00.808#Z#DEBUG#88040301-adeb-11f1-97e5-eeee0a8730ad.OPERATION#flowable-async-job-executor-thread-3836#
[DetermineDesiredStateAchievingActionsStep] Current state of application workorder-ai-srv: INCONSISTENT#
#2026 09 11 14:19:00.808#Z#DEBUG#88040301-adeb-11f1-97e5-eeee0a8730ad.OPERATION#flowable-async-job-executor-thread-3836#
[DetermineDesiredStateAchievingActionsStep] Desired state of application workorder-ai-srv: STARTED#
#2026 09 11 14:19:00.808#Z#DEBUG#88040301-adeb-11f1-97e5-eeee0a8730ad.OPERATION#flowable-async-job-executor-thread-3836#
[DetermineDesiredStateAchievingActionsStep] Actions that should be executed on application workorder-ai-srv: [STOP, STAGE, START]#
#2026 09 11 14:19:00.809#Z#DEBUG#88040301-adeb-11f1-97e5-eeee0a8730ad.OPERATION#flowable-async-job-executor-thread-3836#
Step "Determine Desired State Achieving Actions" finished#
#2026 09 11 14:19:00.899#Z#DEBUG#88040301-adeb-11f1-97e5-eeee0a8730ad.OPERATION#flowable-async-job-executor-thread-3245#
[IncrementIndexStep] Executing task "incrementTaskIndexTask" of process "b5d3c3a2-adeb-11f1-9f17-eeee0a8895d7"...#
#2026 09 11 14:19:00.905#Z#DEBUG#88040301-adeb-11f1-97e5-eeee0a8730ad.OPERATION#flowable-async-job-executor-thread-3245#
Step "Increment Task Index" finished#
#2026 09 11 14:19:00.848#Z#DEBUG#88040301-adeb-11f1-97e5-eeee0a8730ad.OPERATION#flowable-async-job-executor-thread-3836#
[StopAppStep] Executing task "stopAppTask" of process "a3b713cd-adeb-11f1-9f17-eeee0a8895d7"...#
#2026 09 11 14:19:00.851#Z#INFO#88040301-adeb-11f1-97e5-eeee0a8730ad.OPERATION#flowable-async-job-executor-thread-3836#
[StopAppStep] Stopping application "workorder-ai-srv"...#
#2026 09 11 14:19:00.856#Z#DEBUG#88040301-adeb-11f1-97e5-eeee0a8730ad.OPERATION#flowable-async-job-executor-thread-3836#
[StopAppStep] Stopping application "workorder-ai-srv"...#
#2026 09 11 14:19:00.988#Z#DEBUG#88040301-adeb-11f1-97e5-eeee0a8730ad.OPERATION#flowable-async-job-executor-thread-3836#
[StopAppStep] Application "workorder-ai-srv" stopped#
#2026 09 11 14:19:00.988#Z#DEBUG#88040301-adeb-11f1-97e5-eeee0a8730ad.OPERATION#flowable-async-job-executor-thread-3836#
[StopAppStep] Getting environment of application "1ffb686e-4da7-4f4e-8273-4041ccbb6419"...#
#2026 09 11 14:19:01.022#Z#DEBUG#88040301-adeb-11f1-97e5-eeee0a8730ad.OPERATION#flowable-async-job-executor-thread-3836#
Step "Stop App" finished#
#2026 09 11 14:19:01.296#Z#DEBUG#88040301-adeb-11f1-97e5-eeee0a8730ad.OPERATION#flowable-async-job-executor-thread-3245#
[PublishConfigurationEntriesStep] Executing task "publishProvidedDependenciesTask" of process "98d8f072-adeb-11f1-9f17-eeee0a8895d7"...#
#2026 09 11 14:19:01.300#Z#DEBUG#88040301-adeb-11f1-97e5-eeee0a8730ad.OPERATION#flowable-async-job-executor-thread-3245#
[PublishConfigurationEntriesStep] Publishing public provided dependencies for application "workorder-ai-db-deployer"...#
#2026 09 11 14:19:01.303#Z#DEBUG#88040301-adeb-11f1-97e5-eeee0a8730ad.OPERATION#flowable-async-job-executor-thread-3245#
[PublishConfigurationEntriesStep] No public provided dependencies for publishing#
#2026 09 11 14:19:01.303#Z#DEBUG#88040301-adeb-11f1-97e5-eeee0a8730ad.OPERATION#flowable-async-job-executor-thread-3245#
Step "Publish Provided Dependencies" finished#
#2026 09 11 14:19:01.364#Z#DEBUG#88040301-adeb-11f1-97e5-eeee0a8730ad.OPERATION#flowable-async-job-executor-thread-3245#
[CreateOrUpdateServiceBrokerStep] Executing task "createOrUpdateServiceBrokerTask" of process "98d8f072-adeb-11f1-9f17-eeee0a8895d7"...#
#2026 09 11 14:19:01.367#Z#DEBUG#88040301-adeb-11f1-97e5-eeee0a8730ad.OPERATION#flowable-async-job-executor-thread-3245#
[CreateOrUpdateServiceBrokerStep] Creating service brokers...#
#2026 09 11 14:19:01.369#Z#DEBUG#88040301-adeb-11f1-97e5-eeee0a8730ad.OPERATION#flowable-async-job-executor-thread-3245#
Step "Create Or Update Service Broker " finished#
#2026 09 11 14:19:01.066#Z#DEBUG#88040301-adeb-11f1-97e5-eeee0a8730ad.OPERATION#flowable-async-job-executor-thread-3836#
[StageAppStep] Executing task "stageAppTask" of process "bc1ef067-adeb-11f1-9f17-eeee0a8895d7"...#
#2026 09 11 14:19:01.068#Z#DEBUG#88040301-adeb-11f1-97e5-eeee0a8730ad.OPERATION#flowable-async-job-executor-thread-3836#
[StageAppStep] Application stage timeout is default one: 3,600 seconds#
#2026 09 11 14:19:01.069#Z#INFO#88040301-adeb-11f1-97e5-eeee0a8730ad.OPERATION#flowable-async-job-executor-thread-3836#
[StageAppStep] Staging application "workorder-ai-srv"...#
#2026 09 11 14:19:01.086#Z#DEBUG#88040301-adeb-11f1-97e5-eeee0a8730ad.OPERATION#flowable-async-job-executor-thread-3836#
[StageAppStep] Creating build for package "55229827-1898-43a9-a458-1870873c3836"...#
#2026 09 11 14:19:01.482#Z#DEBUG#88040301-adeb-11f1-97e5-eeee0a8730ad.OPERATION#flowable-async-job-executor-thread-3836#
Step "Stage App" finished#
#2026 09 11 14:19:10.522#Z#DEBUG#88040301-adeb-11f1-97e5-eeee0a8730ad.OPERATION#flowable-async-job-executor-thread-3250#
[StageAppStep] Executing task "stageAppTask" of process "bc1ef067-adeb-11f1-9f17-eeee0a8895d7"...#
#2026 09 11 14:19:10.523#Z#DEBUG#88040301-adeb-11f1-97e5-eeee0a8730ad.OPERATION#flowable-async-job-executor-thread-3250#
[StageAppStep] Application stage timeout is default one: 3,600 seconds#
#2026 09 11 14:19:10.524#Z#DEBUG#88040301-adeb-11f1-97e5-eeee0a8730ad.OPERATION#flowable-async-job-executor-thread-3250#
[StageAppStep] Checking status of application "workorder-ai-srv"...#
#2026 09 11 14:19:10.524#Z#DEBUG#88040301-adeb-11f1-97e5-eeee0a8730ad.OPERATION#flowable-async-job-executor-thread-3250#
[StageAppStep] Getting build "91a01ae1-7c4b-4ad0-b4fe-f167e3b776cc"...#
#2026 09 11 14:19:10.563#Z#DEBUG#88040301-adeb-11f1-97e5-eeee0a8730ad.OPERATION#flowable-async-job-executor-thread-3250#
[StageAppStep] Staging status of application "workorder-ai-srv": PENDING#
#2026 09 11 14:19:10.566#Z#DEBUG#88040301-adeb-11f1-97e5-eeee0a8730ad.OPERATION#flowable-async-job-executor-thread-3250#
[StageAppStep] Getting application guid "workorder-ai-srv"...#
#2026 09 11 14:19:10.657#Z#DEBUG#88040301-adeb-11f1-97e5-eeee0a8730ad.OPERATION#flowable-async-job-executor-thread-3250#
Step "Stage App" finished#
#2026 09 11 14:19:20.551#Z#DEBUG#88040301-adeb-11f1-97e5-eeee0a8730ad.OPERATION#flowable-async-job-executor-thread-3253#
[StageAppStep] Executing task "stageAppTask" of process "bc1ef067-adeb-11f1-9f17-eeee0a8895d7"...#
#2026 09 11 14:19:20.552#Z#DEBUG#88040301-adeb-11f1-97e5-eeee0a8730ad.OPERATION#flowable-async-job-executor-thread-3253#
[StageAppStep] Application stage timeout is default one: 3,600 seconds#
#2026 09 11 14:19:20.553#Z#DEBUG#88040301-adeb-11f1-97e5-eeee0a8730ad.OPERATION#flowable-async-job-executor-thread-3253#
[StageAppStep] Checking status of application "workorder-ai-srv"...#
#2026 09 11 14:19:20.553#Z#DEBUG#88040301-adeb-11f1-97e5-eeee0a8730ad.OPERATION#flowable-async-job-executor-thread-3253#
[StageAppStep] Getting build "91a01ae1-7c4b-4ad0-b4fe-f167e3b776cc"...#
#2026 09 11 14:19:20.585#Z#DEBUG#88040301-adeb-11f1-97e5-eeee0a8730ad.OPERATION#flowable-async-job-executor-thread-3253#
[StageAppStep] Staging status of application "workorder-ai-srv": PENDING#
#2026 09 11 14:19:20.587#Z#DEBUG#88040301-adeb-11f1-97e5-eeee0a8730ad.OPERATION#flowable-async-job-executor-thread-3253#
[StageAppStep] Getting application guid "workorder-ai-srv"...#
#2026 09 11 14:19:20.693#Z#DEBUG#88040301-adeb-11f1-97e5-eeee0a8730ad.OPERATION#flowable-async-job-executor-thread-3253#
Step "Stage App" finished#
#2026 09 11 14:19:30.645#Z#DEBUG#88040301-adeb-11f1-97e5-eeee0a8730ad.OPERATION#flowable-async-job-executor-thread-3866#
[StageAppStep] Executing task "stageAppTask" of process "bc1ef067-adeb-11f1-9f17-eeee0a8895d7"...#
#2026 09 11 14:19:30.646#Z#DEBUG#88040301-adeb-11f1-97e5-eeee0a8730ad.OPERATION#flowable-async-job-executor-thread-3866#
[StageAppStep] Application stage timeout is default one: 3,600 seconds#
#2026 09 11 14:19:30.647#Z#DEBUG#88040301-adeb-11f1-97e5-eeee0a8730ad.OPERATION#flowable-async-job-executor-thread-3866#
[StageAppStep] Checking status of application "workorder-ai-srv"...#
#2026 09 11 14:19:30.647#Z#DEBUG#88040301-adeb-11f1-97e5-eeee0a8730ad.OPERATION#flowable-async-job-executor-thread-3866#
[StageAppStep] Getting build "91a01ae1-7c4b-4ad0-b4fe-f167e3b776cc"...#
#2026 09 11 14:19:30.676#Z#DEBUG#88040301-adeb-11f1-97e5-eeee0a8730ad.OPERATION#flowable-async-job-executor-thread-3866#
[StageAppStep] Staging status of application "workorder-ai-srv": PENDING#
#2026 09 11 14:19:30.678#Z#DEBUG#88040301-adeb-11f1-97e5-eeee0a8730ad.OPERATION#flowable-async-job-executor-thread-3866#
[StageAppStep] Getting application guid "workorder-ai-srv"...#
#2026 09 11 14:19:30.778#Z#DEBUG#88040301-adeb-11f1-97e5-eeee0a8730ad.OPERATION#flowable-async-job-executor-thread-3866#
Step "Stage App" finished#
#2026 09 11 14:19:40.759#Z#DEBUG#88040301-adeb-11f1-97e5-eeee0a8730ad.OPERATION#flowable-async-job-executor-thread-3580#
[StageAppStep] Executing task "stageAppTask" of process "bc1ef067-adeb-11f1-9f17-eeee0a8895d7"...#
#2026 09 11 14:19:40.760#Z#DEBUG#88040301-adeb-11f1-97e5-eeee0a8730ad.OPERATION#flowable-async-job-executor-thread-3580#
[StageAppStep] Application stage timeout is default one: 3,600 seconds#
#2026 09 11 14:19:40.761#Z#DEBUG#88040301-adeb-11f1-97e5-eeee0a8730ad.OPERATION#flowable-async-job-executor-thread-3580#
[StageAppStep] Checking status of application "workorder-ai-srv"...#
#2026 09 11 14:19:40.761#Z#DEBUG#88040301-adeb-11f1-97e5-eeee0a8730ad.OPERATION#flowable-async-job-executor-thread-3580#
[StageAppStep] Getting build "91a01ae1-7c4b-4ad0-b4fe-f167e3b776cc"...#
#2026 09 11 14:19:40.795#Z#DEBUG#88040301-adeb-11f1-97e5-eeee0a8730ad.OPERATION#flowable-async-job-executor-thread-3580#
[StageAppStep] Staging status of application "workorder-ai-srv": PENDING#
#2026 09 11 14:19:40.797#Z#DEBUG#88040301-adeb-11f1-97e5-eeee0a8730ad.OPERATION#flowable-async-job-executor-thread-3580#
[StageAppStep] Getting application guid "workorder-ai-srv"...#
#2026 09 11 14:19:40.887#Z#DEBUG#88040301-adeb-11f1-97e5-eeee0a8730ad.OPERATION#flowable-async-job-executor-thread-3580#
Step "Stage App" finished#
#2026 09 11 14:19:50.813#Z#DEBUG#88040301-adeb-11f1-97e5-eeee0a8730ad.OPERATION#flowable-async-job-executor-thread-3884#
[StageAppStep] Executing task "stageAppTask" of process "bc1ef067-adeb-11f1-9f17-eeee0a8895d7"...#
#2026 09 11 14:19:50.814#Z#DEBUG#88040301-adeb-11f1-97e5-eeee0a8730ad.OPERATION#flowable-async-job-executor-thread-3884#
[StageAppStep] Application stage timeout is default one: 3,600 seconds#
#2026 09 11 14:19:50.815#Z#DEBUG#88040301-adeb-11f1-97e5-eeee0a8730ad.OPERATION#flowable-async-job-executor-thread-3884#
[StageAppStep] Checking status of application "workorder-ai-srv"...#
#2026 09 11 14:19:50.815#Z#DEBUG#88040301-adeb-11f1-97e5-eeee0a8730ad.OPERATION#flowable-async-job-executor-thread-3884#
[StageAppStep] Getting build "91a01ae1-7c4b-4ad0-b4fe-f167e3b776cc"...#
#2026 09 11 14:19:50.848#Z#DEBUG#88040301-adeb-11f1-97e5-eeee0a8730ad.OPERATION#flowable-async-job-executor-thread-3884#
[StageAppStep] Staging status of application "workorder-ai-srv": PENDING#
#2026 09 11 14:19:50.849#Z#DEBUG#88040301-adeb-11f1-97e5-eeee0a8730ad.OPERATION#flowable-async-job-executor-thread-3884#
[StageAppStep] Getting application guid "workorder-ai-srv"...#
#2026 09 11 14:19:50.940#Z#DEBUG#88040301-adeb-11f1-97e5-eeee0a8730ad.OPERATION#flowable-async-job-executor-thread-3884#
Step "Stage App" finished#
#2026 09 11 14:20:00.896#Z#DEBUG#88040301-adeb-11f1-97e5-eeee0a8730ad.OPERATION#flowable-async-job-executor-thread-3268#
[StageAppStep] Executing task "stageAppTask" of process "bc1ef067-adeb-11f1-9f17-eeee0a8895d7"...#
#2026 09 11 14:20:00.897#Z#DEBUG#88040301-adeb-11f1-97e5-eeee0a8730ad.OPERATION#flowable-async-job-executor-thread-3268#
[StageAppStep] Application stage timeout is default one: 3,600 seconds#
#2026 09 11 14:20:00.898#Z#DEBUG#88040301-adeb-11f1-97e5-eeee0a8730ad.OPERATION#flowable-async-job-executor-thread-3268#
[StageAppStep] Checking status of application "workorder-ai-srv"...#
#2026 09 11 14:20:00.898#Z#DEBUG#88040301-adeb-11f1-97e5-eeee0a8730ad.OPERATION#flowable-async-job-executor-thread-3268#
[StageAppStep] Getting build "91a01ae1-7c4b-4ad0-b4fe-f167e3b776cc"...#
#2026 09 11 14:20:00.930#Z#DEBUG#88040301-adeb-11f1-97e5-eeee0a8730ad.OPERATION#flowable-async-job-executor-thread-3268#
[StageAppStep] Staging status of application "workorder-ai-srv": PENDING#
#2026 09 11 14:20:00.931#Z#DEBUG#88040301-adeb-11f1-97e5-eeee0a8730ad.OPERATION#flowable-async-job-executor-thread-3268#
[StageAppStep] Getting application guid "workorder-ai-srv"...#
#2026 09 11 14:20:01.013#Z#DEBUG#88040301-adeb-11f1-97e5-eeee0a8730ad.OPERATION#flowable-async-job-executor-thread-3268#
Step "Stage App" finished#
#2026 09 11 14:20:11.000#Z#DEBUG#88040301-adeb-11f1-97e5-eeee0a8730ad.OPERATION#flowable-async-job-executor-thread-3594#
[StageAppStep] Executing task "stageAppTask" of process "bc1ef067-adeb-11f1-9f17-eeee0a8895d7"...#
#2026 09 11 14:20:11.001#Z#DEBUG#88040301-adeb-11f1-97e5-eeee0a8730ad.OPERATION#flowable-async-job-executor-thread-3594#
[StageAppStep] Application stage timeout is default one: 3,600 seconds#
#2026 09 11 14:20:11.002#Z#DEBUG#88040301-adeb-11f1-97e5-eeee0a8730ad.OPERATION#flowable-async-job-executor-thread-3594#
[StageAppStep] Checking status of application "workorder-ai-srv"...#
#2026 09 11 14:20:11.002#Z#DEBUG#88040301-adeb-11f1-97e5-eeee0a8730ad.OPERATION#flowable-async-job-executor-thread-3594#
[StageAppStep] Getting build "91a01ae1-7c4b-4ad0-b4fe-f167e3b776cc"...#
#2026 09 11 14:20:11.044#Z#DEBUG#88040301-adeb-11f1-97e5-eeee0a8730ad.OPERATION#flowable-async-job-executor-thread-3594#
[StageAppStep] Staging status of application "workorder-ai-srv": PENDING#
#2026 09 11 14:20:11.046#Z#DEBUG#88040301-adeb-11f1-97e5-eeee0a8730ad.OPERATION#flowable-async-job-executor-thread-3594#
[StageAppStep] Getting application guid "workorder-ai-srv"...#
#2026 09 11 14:20:11.135#Z#DEBUG#88040301-adeb-11f1-97e5-eeee0a8730ad.OPERATION#flowable-async-job-executor-thread-3594#
Step "Stage App" finished#
#2026 09 11 14:20:21.165#Z#DEBUG#88040301-adeb-11f1-97e5-eeee0a8730ad.OPERATION#flowable-async-job-executor-thread-3905#
[StageAppStep] Executing task "stageAppTask" of process "bc1ef067-adeb-11f1-9f17-eeee0a8895d7"...#
#2026 09 11 14:20:21.166#Z#DEBUG#88040301-adeb-11f1-97e5-eeee0a8730ad.OPERATION#flowable-async-job-executor-thread-3905#
[StageAppStep] Application stage timeout is default one: 3,600 seconds#
#2026 09 11 14:20:21.167#Z#DEBUG#88040301-adeb-11f1-97e5-eeee0a8730ad.OPERATION#flowable-async-job-executor-thread-3905#
[StageAppStep] Checking status of application "workorder-ai-srv"...#
#2026 09 11 14:20:21.167#Z#DEBUG#88040301-adeb-11f1-97e5-eeee0a8730ad.OPERATION#flowable-async-job-executor-thread-3905#
[StageAppStep] Getting build "91a01ae1-7c4b-4ad0-b4fe-f167e3b776cc"...#
#2026 09 11 14:20:21.195#Z#DEBUG#88040301-adeb-11f1-97e5-eeee0a8730ad.OPERATION#flowable-async-job-executor-thread-3905#
[StageAppStep] Staging status of application "workorder-ai-srv": PENDING#
#2026 09 11 14:20:21.198#Z#DEBUG#88040301-adeb-11f1-97e5-eeee0a8730ad.OPERATION#flowable-async-job-executor-thread-3905#
[StageAppStep] Getting application guid "workorder-ai-srv"...#
#2026 09 11 14:20:21.281#Z#DEBUG#88040301-adeb-11f1-97e5-eeee0a8730ad.OPERATION#flowable-async-job-executor-thread-3905#
Step "Stage App" finished#
#2026 09 11 14:20:31.242#Z#DEBUG#88040301-adeb-11f1-97e5-eeee0a8730ad.OPERATION#flowable-async-job-executor-thread-3621#
[StageAppStep] Executing task "stageAppTask" of process "bc1ef067-adeb-11f1-9f17-eeee0a8895d7"...#
#2026 09 11 14:20:31.244#Z#DEBUG#88040301-adeb-11f1-97e5-eeee0a8730ad.OPERATION#flowable-async-job-executor-thread-3621#
[StageAppStep] Application stage timeout is default one: 3,600 seconds#
#2026 09 11 14:20:31.245#Z#DEBUG#88040301-adeb-11f1-97e5-eeee0a8730ad.OPERATION#flowable-async-job-executor-thread-3621#
[StageAppStep] Checking status of application "workorder-ai-srv"...#
#2026 09 11 14:20:31.245#Z#DEBUG#88040301-adeb-11f1-97e5-eeee0a8730ad.OPERATION#flowable-async-job-executor-thread-3621#
[StageAppStep] Getting build "91a01ae1-7c4b-4ad0-b4fe-f167e3b776cc"...#
#2026 09 11 14:20:31.273#Z#DEBUG#88040301-adeb-11f1-97e5-eeee0a8730ad.OPERATION#flowable-async-job-executor-thread-3621#
[StageAppStep] Staging status of application "workorder-ai-srv": STAGED#
#2026 09 11 14:20:31.275#Z#DEBUG#88040301-adeb-11f1-97e5-eeee0a8730ad.OPERATION#flowable-async-job-executor-thread-3621#
[StageAppStep] Getting application guid "workorder-ai-srv"...#
#2026 09 11 14:20:31.341#Z#DEBUG#88040301-adeb-11f1-97e5-eeee0a8730ad.OPERATION#flowable-async-job-executor-thread-3621#
[StageAppStep] Getting build "91a01ae1-7c4b-4ad0-b4fe-f167e3b776cc"...#
#2026 09 11 14:20:31.370#Z#DEBUG#88040301-adeb-11f1-97e5-eeee0a8730ad.OPERATION#flowable-async-job-executor-thread-3621#
[StageAppStep] Binding droplet "f2b63799-df35-4385-9f14-e078cb801ef1" to application "1ffb686e-4da7-4f4e-8273-4041ccbb6419"...#
#2026 09 11 14:20:31.420#Z#INFO#88040301-adeb-11f1-97e5-eeee0a8730ad.OPERATION#flowable-async-job-executor-thread-3621#
[StageAppStep] Application "workorder-ai-srv" staged#
#2026 09 11 14:20:31.430#Z#DEBUG#88040301-adeb-11f1-97e5-eeee0a8730ad.OPERATION#flowable-async-job-executor-thread-3621#
Step "Stage App" finished#
#2026 09 11 14:20:31.477#Z#DEBUG#88040301-adeb-11f1-97e5-eeee0a8730ad.OPERATION#flowable-async-job-executor-thread-3621#
[RestartAppStep] Executing task "startAppTask" of process "bc1ef067-adeb-11f1-9f17-eeee0a8895d7"...#
#2026 09 11 14:20:31.481#Z#DEBUG#88040301-adeb-11f1-97e5-eeee0a8730ad.OPERATION#flowable-async-job-executor-thread-3621#
[RestartAppStep] Application start timeout is default one: 3,600 seconds#
#2026 09 11 14:20:31.491#Z#DEBUG#88040301-adeb-11f1-97e5-eeee0a8730ad.OPERATION#flowable-async-job-executor-thread-3621#
[RestartAppStep] Getting application "workorder-ai-srv"...#
#2026 09 11 14:20:31.522#Z#INFO#88040301-adeb-11f1-97e5-eeee0a8730ad.OPERATION#flowable-async-job-executor-thread-3621#
[RestartAppStep] Starting application "workorder-ai-srv"...#
#2026 09 11 14:20:31.529#Z#DEBUG#88040301-adeb-11f1-97e5-eeee0a8730ad.OPERATION#flowable-async-job-executor-thread-3621#
[RestartAppStep] Starting application "workorder-ai-srv"...#
#2026 09 11 14:20:31.790#Z#DEBUG#88040301-adeb-11f1-97e5-eeee0a8730ad.OPERATION#flowable-async-job-executor-thread-3621#
Step "Start App" finished#
#2026 09 11 14:20:41.337#Z#DEBUG#88040301-adeb-11f1-97e5-eeee0a8730ad.OPERATION#flowable-async-job-executor-thread-3924#
[RestartAppStep] Executing task "startAppTask" of process "f23930d6-adeb-11f1-97e5-eeee0a8730ad"...#
#2026 09 11 14:20:41.339#Z#DEBUG#88040301-adeb-11f1-97e5-eeee0a8730ad.OPERATION#flowable-async-job-executor-thread-3924#
[RestartAppStep] Application start timeout is default one: 3,600 seconds#
#2026 09 11 14:20:41.340#Z#DEBUG#88040301-adeb-11f1-97e5-eeee0a8730ad.OPERATION#flowable-async-job-executor-thread-3924#
[RestartAppStep] Checking status of application "workorder-ai-srv"...#
#2026 09 11 14:20:41.340#Z#DEBUG#88040301-adeb-11f1-97e5-eeee0a8730ad.OPERATION#flowable-async-job-executor-thread-3924#
[RestartAppStep] Getting application "workorder-ai-srv"...#
#2026 09 11 14:20:41.368#Z#DEBUG#88040301-adeb-11f1-97e5-eeee0a8730ad.OPERATION#flowable-async-job-executor-thread-3924#
[RestartAppStep] Getting instances for application "workorder-ai-srv"...#
#2026 09 11 14:20:41.404#Z#DEBUG#88040301-adeb-11f1-97e5-eeee0a8730ad.OPERATION#flowable-async-job-executor-thread-3924#
[RestartAppStep] Application "workorder-ai-srv": 0 of 1 instances running (1 starting)#
#2026 09 11 14:20:41.442#Z#DEBUG#88040301-adeb-11f1-97e5-eeee0a8730ad.OPERATION#flowable-async-job-executor-thread-3924#
Step "Start App" finished#
#2026 09 11 14:20:51.546#Z#DEBUG#88040301-adeb-11f1-97e5-eeee0a8730ad.OPERATION#flowable-async-job-executor-thread-3934#
[RestartAppStep] Executing task "startAppTask" of process "f7f9f7aa-adeb-11f1-9f17-eeee0a8895d7"...#
#2026 09 11 14:20:51.549#Z#DEBUG#88040301-adeb-11f1-97e5-eeee0a8730ad.OPERATION#flowable-async-job-executor-thread-3934#
[RestartAppStep] Application start timeout is default one: 3,600 seconds#
#2026 09 11 14:20:51.551#Z#DEBUG#88040301-adeb-11f1-97e5-eeee0a8730ad.OPERATION#flowable-async-job-executor-thread-3934#
[RestartAppStep] Checking status of application "workorder-ai-srv"...#
#2026 09 11 14:20:51.552#Z#DEBUG#88040301-adeb-11f1-97e5-eeee0a8730ad.OPERATION#flowable-async-job-executor-thread-3934#
[RestartAppStep] Getting instances for application "workorder-ai-srv"...#
#2026 09 11 14:20:51.586#Z#DEBUG#88040301-adeb-11f1-97e5-eeee0a8730ad.OPERATION#flowable-async-job-executor-thread-3934#
[RestartAppStep] Application "workorder-ai-srv": 0 of 1 instances running (1 starting)#
#2026 09 11 14:20:51.624#Z#DEBUG#88040301-adeb-11f1-97e5-eeee0a8730ad.OPERATION#flowable-async-job-executor-thread-3934#
Step "Start App" finished#
#2026 09 11 14:21:01.606#Z#DEBUG#88040301-adeb-11f1-97e5-eeee0a8730ad.OPERATION#flowable-async-job-executor-thread-3941#
[RestartAppStep] Executing task "startAppTask" of process "fe0c6161-adeb-11f1-9f17-eeee0a8895d7"...#
#2026 09 11 14:21:01.610#Z#DEBUG#88040301-adeb-11f1-97e5-eeee0a8730ad.OPERATION#flowable-async-job-executor-thread-3941#
[RestartAppStep] Application start timeout is default one: 3,600 seconds#
#2026 09 11 14:21:01.611#Z#DEBUG#88040301-adeb-11f1-97e5-eeee0a8730ad.OPERATION#flowable-async-job-executor-thread-3941#
[RestartAppStep] Checking status of application "workorder-ai-srv"...#
#2026 09 11 14:21:01.613#Z#DEBUG#88040301-adeb-11f1-97e5-eeee0a8730ad.OPERATION#flowable-async-job-executor-thread-3941#
[RestartAppStep] Getting instances for application "workorder-ai-srv"...#
#2026 09 11 14:21:01.663#Z#DEBUG#88040301-adeb-11f1-97e5-eeee0a8730ad.OPERATION#flowable-async-job-executor-thread-3941#
[RestartAppStep] Application "workorder-ai-srv": 0 of 1 instances running (1 starting)#
#2026 09 11 14:21:01.703#Z#DEBUG#88040301-adeb-11f1-97e5-eeee0a8730ad.OPERATION#flowable-async-job-executor-thread-3941#
Step "Start App" finished#
#2026 09 11 14:21:11.779#Z#DEBUG#88040301-adeb-11f1-97e5-eeee0a8730ad.OPERATION#flowable-async-job-executor-thread-3952#
[RestartAppStep] Executing task "startAppTask" of process "040d65f2-adec-11f1-9f17-eeee0a8895d7"...#
#2026 09 11 14:21:11.781#Z#DEBUG#88040301-adeb-11f1-97e5-eeee0a8730ad.OPERATION#flowable-async-job-executor-thread-3952#
[RestartAppStep] Application start timeout is default one: 3,600 seconds#
#2026 09 11 14:21:11.782#Z#DEBUG#88040301-adeb-11f1-97e5-eeee0a8730ad.OPERATION#flowable-async-job-executor-thread-3952#
[RestartAppStep] Checking status of application "workorder-ai-srv"...#
#2026 09 11 14:21:11.783#Z#DEBUG#88040301-adeb-11f1-97e5-eeee0a8730ad.OPERATION#flowable-async-job-executor-thread-3952#
[RestartAppStep] Getting instances for application "workorder-ai-srv"...#
#2026 09 11 14:21:11.830#Z#DEBUG#88040301-adeb-11f1-97e5-eeee0a8730ad.OPERATION#flowable-async-job-executor-thread-3952#
[RestartAppStep] Application "workorder-ai-srv": 0 of 1 instances running (1 starting)#
#2026 09 11 14:21:11.871#Z#DEBUG#88040301-adeb-11f1-97e5-eeee0a8730ad.OPERATION#flowable-async-job-executor-thread-3952#
Step "Start App" finished#
#2026 09 11 14:21:21.862#Z#DEBUG#88040301-adeb-11f1-97e5-eeee0a8730ad.OPERATION#flowable-async-job-executor-thread-3315#
[RestartAppStep] Executing task "startAppTask" of process "0a1d10e5-adec-11f1-9f17-eeee0a8895d7"...#
#2026 09 11 14:21:21.865#Z#DEBUG#88040301-adeb-11f1-97e5-eeee0a8730ad.OPERATION#flowable-async-job-executor-thread-3315#
[RestartAppStep] Application start timeout is default one: 3,600 seconds#
#2026 09 11 14:21:21.866#Z#DEBUG#88040301-adeb-11f1-97e5-eeee0a8730ad.OPERATION#flowable-async-job-executor-thread-3315#
[RestartAppStep] Checking status of application "workorder-ai-srv"...#
#2026 09 11 14:21:21.868#Z#DEBUG#88040301-adeb-11f1-97e5-eeee0a8730ad.OPERATION#flowable-async-job-executor-thread-3315#
[RestartAppStep] Getting instances for application "workorder-ai-srv"...#
#2026 09 11 14:21:21.911#Z#DEBUG#88040301-adeb-11f1-97e5-eeee0a8730ad.OPERATION#flowable-async-job-executor-thread-3315#
[RestartAppStep] Application "workorder-ai-srv": 0 of 1 instances running (1 starting)#
#2026 09 11 14:21:21.971#Z#DEBUG#88040301-adeb-11f1-97e5-eeee0a8730ad.OPERATION#flowable-async-job-executor-thread-3315#
Step "Start App" finished#
#2026 09 11 14:21:31.966#Z#DEBUG#88040301-adeb-11f1-97e5-eeee0a8730ad.OPERATION#flowable-async-job-executor-thread-3964#
[RestartAppStep] Executing task "startAppTask" of process "10223452-adec-11f1-959c-eeee0a885ec7"...#
#2026 09 11 14:21:31.968#Z#DEBUG#88040301-adeb-11f1-97e5-eeee0a8730ad.OPERATION#flowable-async-job-executor-thread-3964#
[RestartAppStep] Application start timeout is default one: 3,600 seconds#
#2026 09 11 14:21:31.969#Z#DEBUG#88040301-adeb-11f1-97e5-eeee0a8730ad.OPERATION#flowable-async-job-executor-thread-3964#
[RestartAppStep] Checking status of application "workorder-ai-srv"...#
#2026 09 11 14:21:31.971#Z#DEBUG#88040301-adeb-11f1-97e5-eeee0a8730ad.OPERATION#flowable-async-job-executor-thread-3964#
[RestartAppStep] Getting instances for application "workorder-ai-srv"...#
#2026 09 11 14:21:32.090#Z#DEBUG#88040301-adeb-11f1-97e5-eeee0a8730ad.OPERATION#flowable-async-job-executor-thread-3964#
[RestartAppStep] Application "workorder-ai-srv": 0 of 1 instances running (1 starting)#
#2026 09 11 14:21:32.139#Z#DEBUG#88040301-adeb-11f1-97e5-eeee0a8730ad.OPERATION#flowable-async-job-executor-thread-3964#
Step "Start App" finished#
#2026 09 11 14:21:42.360#Z#DEBUG#88040301-adeb-11f1-97e5-eeee0a8730ad.OPERATION#flowable-async-job-executor-thread-3658#
[RestartAppStep] Executing task "startAppTask" of process "163190a7-adec-11f1-9f17-eeee0a8895d7"...#
#2026 09 11 14:21:42.365#Z#DEBUG#88040301-adeb-11f1-97e5-eeee0a8730ad.OPERATION#flowable-async-job-executor-thread-3658#
[RestartAppStep] Application start timeout is default one: 3,600 seconds#
#2026 09 11 14:21:42.366#Z#DEBUG#88040301-adeb-11f1-97e5-eeee0a8730ad.OPERATION#flowable-async-job-executor-thread-3658#
[RestartAppStep] Checking status of application "workorder-ai-srv"...#
#2026 09 11 14:21:42.367#Z#DEBUG#88040301-adeb-11f1-97e5-eeee0a8730ad.OPERATION#flowable-async-job-executor-thread-3658#
[RestartAppStep] Getting instances for application "workorder-ai-srv"...#
#2026 09 11 14:21:42.409#Z#DEBUG#88040301-adeb-11f1-97e5-eeee0a8730ad.OPERATION#flowable-async-job-executor-thread-3658#
[RestartAppStep] Application "workorder-ai-srv": 0 of 1 instances running (1 crashed)#
#2026 09 11 14:21:42.454#Z#ERROR#88040301-adeb-11f1-97e5-eeee0a8730ad.OPERATION#flowable-async-job-executor-thread-3658#
[RestartAppStep] Error starting application "workorder-ai-srv": Some instances have crashed. Check the application logs of your application for details.#
#2026 09 11 14:21:42.470#Z#INFO#88040301-adeb-11f1-97e5-eeee0a8730ad.OPERATION#flowable-async-job-executor-thread-3658#
[RestartAppStep] Download the MTA operation logs for more details.#
#2026 09 11 14:21:42.478#Z#DEBUG#88040301-adeb-11f1-97e5-eeee0a8730ad.OPERATION#flowable-async-job-executor-thread-3658#
Step "Start App" finished#
#2026 09 11 14:21:43.272#Z#DEBUG#88040301-adeb-11f1-97e5-eeee0a8730ad.OPERATION#flowable-async-job-executor-thread-3335#
[RestartAppStep] Executing task "startAppTask" of process "163190a7-adec-11f1-9f17-eeee0a8895d7"...#
#2026 09 11 14:21:43.275#Z#DEBUG#88040301-adeb-11f1-97e5-eeee0a8730ad.OPERATION#flowable-async-job-executor-thread-3335#
[RestartAppStep] Application start timeout is default one: 3,600 seconds#
#2026 09 11 14:21:43.286#Z#DEBUG#88040301-adeb-11f1-97e5-eeee0a8730ad.OPERATION#flowable-async-job-executor-thread-3335#
[RestartAppStep] Getting application "workorder-ai-srv"...#
#2026 09 11 14:21:43.318#Z#INFO#88040301-adeb-11f1-97e5-eeee0a8730ad.OPERATION#flowable-async-job-executor-thread-3335#
[RestartAppStep] Stopping application "workorder-ai-srv"...#
#2026 09 11 14:21:43.338#Z#DEBUG#88040301-adeb-11f1-97e5-eeee0a8730ad.OPERATION#flowable-async-job-executor-thread-3335#
[RestartAppStep] Stopping application "workorder-ai-srv"...#
#2026 09 11 14:21:43.466#Z#INFO#88040301-adeb-11f1-97e5-eeee0a8730ad.OPERATION#flowable-async-job-executor-thread-3335#
[RestartAppStep] Starting application "workorder-ai-srv"...#
#2026 09 11 14:21:43.473#Z#DEBUG#88040301-adeb-11f1-97e5-eeee0a8730ad.OPERATION#flowable-async-job-executor-thread-3335#
[RestartAppStep] Starting application "workorder-ai-srv"...#
#2026 09 11 14:21:43.655#Z#DEBUG#88040301-adeb-11f1-97e5-eeee0a8730ad.OPERATION#flowable-async-job-executor-thread-3335#
Step "Start App" finished#
#2026 09 11 14:21:52.289#Z#DEBUG#88040301-adeb-11f1-97e5-eeee0a8730ad.OPERATION#flowable-async-job-executor-thread-3672#
[RestartAppStep] Executing task "startAppTask" of process "1d0f397a-adec-11f1-959c-eeee0a885ec7"...#
#2026 09 11 14:21:52.291#Z#DEBUG#88040301-adeb-11f1-97e5-eeee0a8730ad.OPERATION#flowable-async-job-executor-thread-3672#
[RestartAppStep] Application start timeout is default one: 3,600 seconds#
#2026 09 11 14:21:52.379#Z#DEBUG#88040301-adeb-11f1-97e5-eeee0a8730ad.OPERATION#flowable-async-job-executor-thread-3672#
[RestartAppStep] Checking status of application "workorder-ai-srv"...#
#2026 09 11 14:21:52.380#Z#DEBUG#88040301-adeb-11f1-97e5-eeee0a8730ad.OPERATION#flowable-async-job-executor-thread-3672#
[RestartAppStep] Getting instances for application "workorder-ai-srv"...#
#2026 09 11 14:21:52.438#Z#DEBUG#88040301-adeb-11f1-97e5-eeee0a8730ad.OPERATION#flowable-async-job-executor-thread-3672#
[RestartAppStep] Application "workorder-ai-srv": 0 of 1 instances running (1 starting)#
#2026 09 11 14:21:52.495#Z#DEBUG#88040301-adeb-11f1-97e5-eeee0a8730ad.OPERATION#flowable-async-job-executor-thread-3672#
Step "Start App" finished#
#2026 09 11 14:22:02.393#Z#DEBUG#88040301-adeb-11f1-97e5-eeee0a8730ad.OPERATION#flowable-async-job-executor-thread-3991#
[RestartAppStep] Executing task "startAppTask" of process "2253f34e-adec-11f1-97e5-eeee0a8730ad"...#
#2026 09 11 14:22:02.395#Z#DEBUG#88040301-adeb-11f1-97e5-eeee0a8730ad.OPERATION#flowable-async-job-executor-thread-3991#
[RestartAppStep] Application start timeout is default one: 3,600 seconds#
#2026 09 11 14:22:02.396#Z#DEBUG#88040301-adeb-11f1-97e5-eeee0a8730ad.OPERATION#flowable-async-job-executor-thread-3991#
[RestartAppStep] Checking status of application "workorder-ai-srv"...#
#2026 09 11 14:22:02.397#Z#DEBUG#88040301-adeb-11f1-97e5-eeee0a8730ad.OPERATION#flowable-async-job-executor-thread-3991#
[RestartAppStep] Getting instances for application "workorder-ai-srv"...#
#2026 09 11 14:22:02.455#Z#DEBUG#88040301-adeb-11f1-97e5-eeee0a8730ad.OPERATION#flowable-async-job-executor-thread-3991#
[RestartAppStep] Application "workorder-ai-srv": 0 of 1 instances running (1 starting)#
#2026 09 11 14:22:02.511#Z#DEBUG#88040301-adeb-11f1-97e5-eeee0a8730ad.OPERATION#flowable-async-job-executor-thread-3991#
Step "Start App" finished#
#2026 09 11 14:22:12.446#Z#DEBUG#88040301-adeb-11f1-97e5-eeee0a8730ad.OPERATION#flowable-async-job-executor-thread-3347#
[RestartAppStep] Executing task "startAppTask" of process "284ce114-adec-11f1-9f17-eeee0a8895d7"...#
#2026 09 11 14:22:12.450#Z#DEBUG#88040301-adeb-11f1-97e5-eeee0a8730ad.OPERATION#flowable-async-job-executor-thread-3347#
[RestartAppStep] Application start timeout is default one: 3,600 seconds#
#2026 09 11 14:22:12.452#Z#DEBUG#88040301-adeb-11f1-97e5-eeee0a8730ad.OPERATION#flowable-async-job-executor-thread-3347#
[RestartAppStep] Checking status of application "workorder-ai-srv"...#
#2026 09 11 14:22:12.455#Z#DEBUG#88040301-adeb-11f1-97e5-eeee0a8730ad.OPERATION#flowable-async-job-executor-thread-3347#
[RestartAppStep] Getting instances for application "workorder-ai-srv"...#
#2026 09 11 14:22:12.530#Z#DEBUG#88040301-adeb-11f1-97e5-eeee0a8730ad.OPERATION#flowable-async-job-executor-thread-3347#
[RestartAppStep] Application "workorder-ai-srv": 0 of 1 instances running (1 starting)#
#2026 09 11 14:22:12.583#Z#DEBUG#88040301-adeb-11f1-97e5-eeee0a8730ad.OPERATION#flowable-async-job-executor-thread-3347#
Step "Start App" finished#
#2026 09 11 14:22:22.511#Z#DEBUG#88040301-adeb-11f1-97e5-eeee0a8730ad.OPERATION#flowable-async-job-executor-thread-3357#
[RestartAppStep] Executing task "startAppTask" of process "2e4d2261-adec-11f1-959c-eeee0a885ec7"...#
#2026 09 11 14:22:22.513#Z#DEBUG#88040301-adeb-11f1-97e5-eeee0a8730ad.OPERATION#flowable-async-job-executor-thread-3357#
[RestartAppStep] Application start timeout is default one: 3,600 seconds#
#2026 09 11 14:22:22.514#Z#DEBUG#88040301-adeb-11f1-97e5-eeee0a8730ad.OPERATION#flowable-async-job-executor-thread-3357#
[RestartAppStep] Checking status of application "workorder-ai-srv"...#
#2026 09 11 14:22:22.516#Z#DEBUG#88040301-adeb-11f1-97e5-eeee0a8730ad.OPERATION#flowable-async-job-executor-thread-3357#
[RestartAppStep] Getting instances for application "workorder-ai-srv"...#
#2026 09 11 14:22:22.563#Z#DEBUG#88040301-adeb-11f1-97e5-eeee0a8730ad.OPERATION#flowable-async-job-executor-thread-3357#
[RestartAppStep] Application "workorder-ai-srv": 0 of 1 instances running (1 starting)#
#2026 09 11 14:22:22.629#Z#DEBUG#88040301-adeb-11f1-97e5-eeee0a8730ad.OPERATION#flowable-async-job-executor-thread-3357#
Step "Start App" finished#
#2026 09 11 14:22:32.581#Z#DEBUG#88040301-adeb-11f1-97e5-eeee0a8730ad.OPERATION#flowable-async-job-executor-thread-4011#
[RestartAppStep] Executing task "startAppTask" of process "3449e14c-adec-11f1-959c-eeee0a885ec7"...#
#2026 09 11 14:22:32.583#Z#DEBUG#88040301-adeb-11f1-97e5-eeee0a8730ad.OPERATION#flowable-async-job-executor-thread-4011#
[RestartAppStep] Application start timeout is default one: 3,600 seconds#
#2026 09 11 14:22:32.584#Z#DEBUG#88040301-adeb-11f1-97e5-eeee0a8730ad.OPERATION#flowable-async-job-executor-thread-4011#
[RestartAppStep] Checking status of application "workorder-ai-srv"...#
#2026 09 11 14:22:32.586#Z#DEBUG#88040301-adeb-11f1-97e5-eeee0a8730ad.OPERATION#flowable-async-job-executor-thread-4011#
[RestartAppStep] Getting instances for application "workorder-ai-srv"...#
#2026 09 11 14:22:32.634#Z#DEBUG#88040301-adeb-11f1-97e5-eeee0a8730ad.OPERATION#flowable-async-job-executor-thread-4011#
[RestartAppStep] Application "workorder-ai-srv": 0 of 1 instances running (1 starting)#
#2026 09 11 14:22:32.673#Z#DEBUG#88040301-adeb-11f1-97e5-eeee0a8730ad.OPERATION#flowable-async-job-executor-thread-4011#
Step "Start App" finished#
#2026 09 11 14:22:42.618#Z#DEBUG#88040301-adeb-11f1-97e5-eeee0a8730ad.OPERATION#flowable-async-job-executor-thread-4005#
[RestartAppStep] Executing task "startAppTask" of process "3a4651ef-adec-11f1-9f17-eeee0a8895d7"...#
#2026 09 11 14:22:42.620#Z#DEBUG#88040301-adeb-11f1-97e5-eeee0a8730ad.OPERATION#flowable-async-job-executor-thread-4005#
[RestartAppStep] Application start timeout is default one: 3,600 seconds#
#2026 09 11 14:22:42.621#Z#DEBUG#88040301-adeb-11f1-97e5-eeee0a8730ad.OPERATION#flowable-async-job-executor-thread-4005#
[RestartAppStep] Checking status of application "workorder-ai-srv"...#
#2026 09 11 14:22:42.622#Z#DEBUG#88040301-adeb-11f1-97e5-eeee0a8730ad.OPERATION#flowable-async-job-executor-thread-4005#
[RestartAppStep] Getting instances for application "workorder-ai-srv"...#
#2026 09 11 14:22:42.706#Z#DEBUG#88040301-adeb-11f1-97e5-eeee0a8730ad.OPERATION#flowable-async-job-executor-thread-4005#
[RestartAppStep] Application "workorder-ai-srv": 0 of 1 instances running (1 starting)#
#2026 09 11 14:22:42.783#Z#DEBUG#88040301-adeb-11f1-97e5-eeee0a8730ad.OPERATION#flowable-async-job-executor-thread-4005#
Step "Start App" finished#
#2026 09 11 14:22:52.719#Z#DEBUG#88040301-adeb-11f1-97e5-eeee0a8730ad.OPERATION#flowable-async-job-executor-thread-4021#
[RestartAppStep] Executing task "startAppTask" of process "404cfbb4-adec-11f1-9f17-eeee0a8895d7"...#
#2026 09 11 14:22:52.721#Z#DEBUG#88040301-adeb-11f1-97e5-eeee0a8730ad.OPERATION#flowable-async-job-executor-thread-4021#
[RestartAppStep] Application start timeout is default one: 3,600 seconds#
#2026 09 11 14:22:52.722#Z#DEBUG#88040301-adeb-11f1-97e5-eeee0a8730ad.OPERATION#flowable-async-job-executor-thread-4021#
[RestartAppStep] Checking status of application "workorder-ai-srv"...#
#2026 09 11 14:22:52.723#Z#DEBUG#88040301-adeb-11f1-97e5-eeee0a8730ad.OPERATION#flowable-async-job-executor-thread-4021#
[RestartAppStep] Getting instances for application "workorder-ai-srv"...#
#2026 09 11 14:22:52.767#Z#DEBUG#88040301-adeb-11f1-97e5-eeee0a8730ad.OPERATION#flowable-async-job-executor-thread-4021#
[RestartAppStep] Application "workorder-ai-srv": 0 of 1 instances running (1 crashed)#
#2026 09 11 14:22:52.814#Z#ERROR#88040301-adeb-11f1-97e5-eeee0a8730ad.OPERATION#flowable-async-job-executor-thread-4021#
[RestartAppStep] Error starting application "workorder-ai-srv": Some instances have crashed. Check the application logs of your application for details.#
#2026 09 11 14:22:52.818#Z#INFO#88040301-adeb-11f1-97e5-eeee0a8730ad.OPERATION#flowable-async-job-executor-thread-4021#
[RestartAppStep] Download the MTA operation logs for more details.#
#2026 09 11 14:22:52.822#Z#DEBUG#88040301-adeb-11f1-97e5-eeee0a8730ad.OPERATION#flowable-async-job-executor-thread-4021#
Step "Start App" finished#
#2026 09 11 14:22:53.204#Z#DEBUG#88040301-adeb-11f1-97e5-eeee0a8730ad.OPERATION#flowable-async-job-executor-thread-3374#
[RestartAppStep] Executing task "startAppTask" of process "404cfbb4-adec-11f1-9f17-eeee0a8895d7"...#
#2026 09 11 14:22:53.207#Z#DEBUG#88040301-adeb-11f1-97e5-eeee0a8730ad.OPERATION#flowable-async-job-executor-thread-3374#
[RestartAppStep] Application start timeout is default one: 3,600 seconds#
#2026 09 11 14:22:53.217#Z#DEBUG#88040301-adeb-11f1-97e5-eeee0a8730ad.OPERATION#flowable-async-job-executor-thread-3374#
[RestartAppStep] Getting application "workorder-ai-srv"...#
#2026 09 11 14:22:53.242#Z#INFO#88040301-adeb-11f1-97e5-eeee0a8730ad.OPERATION#flowable-async-job-executor-thread-3374#
[RestartAppStep] Stopping application "workorder-ai-srv"...#
#2026 09 11 14:22:53.250#Z#DEBUG#88040301-adeb-11f1-97e5-eeee0a8730ad.OPERATION#flowable-async-job-executor-thread-3374#
[RestartAppStep] Stopping application "workorder-ai-srv"...#
#2026 09 11 14:22:53.359#Z#INFO#88040301-adeb-11f1-97e5-eeee0a8730ad.OPERATION#flowable-async-job-executor-thread-3374#
[RestartAppStep] Starting application "workorder-ai-srv"...#
#2026 09 11 14:22:53.366#Z#DEBUG#88040301-adeb-11f1-97e5-eeee0a8730ad.OPERATION#flowable-async-job-executor-thread-3374#
[RestartAppStep] Starting application "workorder-ai-srv"...#
#2026 09 11 14:22:53.601#Z#DEBUG#88040301-adeb-11f1-97e5-eeee0a8730ad.OPERATION#flowable-async-job-executor-thread-3374#
Step "Start App" finished#
#2026 09 11 14:23:02.820#Z#DEBUG#88040301-adeb-11f1-97e5-eeee0a8730ad.OPERATION#flowable-async-job-executor-thread-4018#
[RestartAppStep] Executing task "startAppTask" of process "46bfd4d8-adec-11f1-959c-eeee0a885ec7"...#
#2026 09 11 14:23:02.823#Z#DEBUG#88040301-adeb-11f1-97e5-eeee0a8730ad.OPERATION#flowable-async-job-executor-thread-4018#
[RestartAppStep] Application start timeout is default one: 3,600 seconds#
#2026 09 11 14:23:02.874#Z#DEBUG#88040301-adeb-11f1-97e5-eeee0a8730ad.OPERATION#flowable-async-job-executor-thread-4018#
[RestartAppStep] Checking status of application "workorder-ai-srv"...#
#2026 09 11 14:23:02.875#Z#DEBUG#88040301-adeb-11f1-97e5-eeee0a8730ad.OPERATION#flowable-async-job-executor-thread-4018#
[RestartAppStep] Getting instances for application "workorder-ai-srv"...#
#2026 09 11 14:23:02.944#Z#DEBUG#88040301-adeb-11f1-97e5-eeee0a8730ad.OPERATION#flowable-async-job-executor-thread-4018#
[RestartAppStep] Application "workorder-ai-srv": 0 of 1 instances running (1 starting)#
#2026 09 11 14:23:03.008#Z#DEBUG#88040301-adeb-11f1-97e5-eeee0a8730ad.OPERATION#flowable-async-job-executor-thread-4018#
Step "Start App" finished#
#2026 09 11 14:23:12.936#Z#DEBUG#88040301-adeb-11f1-97e5-eeee0a8730ad.OPERATION#flowable-async-job-executor-thread-3730#
[RestartAppStep] Executing task "startAppTask" of process "4c5e1fc8-adec-11f1-9f17-eeee0a8895d7"...#
#2026 09 11 14:23:12.940#Z#DEBUG#88040301-adeb-11f1-97e5-eeee0a8730ad.OPERATION#flowable-async-job-executor-thread-3730#
[RestartAppStep] Application start timeout is default one: 3,600 seconds#
#2026 09 11 14:23:12.941#Z#DEBUG#88040301-adeb-11f1-97e5-eeee0a8730ad.OPERATION#flowable-async-job-executor-thread-3730#
[RestartAppStep] Checking status of application "workorder-ai-srv"...#
#2026 09 11 14:23:12.942#Z#DEBUG#88040301-adeb-11f1-97e5-eeee0a8730ad.OPERATION#flowable-async-job-executor-thread-3730#
[RestartAppStep] Getting instances for application "workorder-ai-srv"...#
#2026 09 11 14:23:12.987#Z#DEBUG#88040301-adeb-11f1-97e5-eeee0a8730ad.OPERATION#flowable-async-job-executor-thread-3730#
[RestartAppStep] Application "workorder-ai-srv": 0 of 1 instances running (1 starting)#
#2026 09 11 14:23:13.026#Z#DEBUG#88040301-adeb-11f1-97e5-eeee0a8730ad.OPERATION#flowable-async-job-executor-thread-3730#
Step "Start App" finished#
#2026 09 11 14:23:23.042#Z#DEBUG#88040301-adeb-11f1-97e5-eeee0a8730ad.OPERATION#flowable-async-job-executor-thread-3403#
[RestartAppStep] Executing task "startAppTask" of process "5254c419-adec-11f1-97e5-eeee0a8730ad"...#
#2026 09 11 14:23:23.048#Z#DEBUG#88040301-adeb-11f1-97e5-eeee0a8730ad.OPERATION#flowable-async-job-executor-thread-3403#
[RestartAppStep] Application start timeout is default one: 3,600 seconds#
#2026 09 11 14:23:23.049#Z#DEBUG#88040301-adeb-11f1-97e5-eeee0a8730ad.OPERATION#flowable-async-job-executor-thread-3403#
[RestartAppStep] Checking status of application "workorder-ai-srv"...#
#2026 09 11 14:23:23.050#Z#DEBUG#88040301-adeb-11f1-97e5-eeee0a8730ad.OPERATION#flowable-async-job-executor-thread-3403#
[RestartAppStep] Getting instances for application "workorder-ai-srv"...#
#2026 09 11 14:23:23.087#Z#DEBUG#88040301-adeb-11f1-97e5-eeee0a8730ad.OPERATION#flowable-async-job-executor-thread-3403#
[RestartAppStep] Application "workorder-ai-srv": 0 of 1 instances running (1 starting)#
#2026 09 11 14:23:23.126#Z#DEBUG#88040301-adeb-11f1-97e5-eeee0a8730ad.OPERATION#flowable-async-job-executor-thread-3403#
Step "Start App" finished#
#2026 09 11 14:23:33.110#Z#DEBUG#88040301-adeb-11f1-97e5-eeee0a8730ad.OPERATION#flowable-async-job-executor-thread-3746#
[RestartAppStep] Executing task "startAppTask" of process "585971fa-adec-11f1-959c-eeee0a885ec7"...#
#2026 09 11 14:23:33.114#Z#DEBUG#88040301-adeb-11f1-97e5-eeee0a8730ad.OPERATION#flowable-async-job-executor-thread-3746#
[RestartAppStep] Application start timeout is default one: 3,600 seconds#
#2026 09 11 14:23:33.117#Z#DEBUG#88040301-adeb-11f1-97e5-eeee0a8730ad.OPERATION#flowable-async-job-executor-thread-3746#
[RestartAppStep] Checking status of application "workorder-ai-srv"...#
#2026 09 11 14:23:33.120#Z#DEBUG#88040301-adeb-11f1-97e5-eeee0a8730ad.OPERATION#flowable-async-job-executor-thread-3746#
[RestartAppStep] Getting instances for application "workorder-ai-srv"...#
#2026 09 11 14:23:33.174#Z#DEBUG#88040301-adeb-11f1-97e5-eeee0a8730ad.OPERATION#flowable-async-job-executor-thread-3746#
[RestartAppStep] Application "workorder-ai-srv": 0 of 1 instances running (1 starting)#
#2026 09 11 14:23:33.209#Z#DEBUG#88040301-adeb-11f1-97e5-eeee0a8730ad.OPERATION#flowable-async-job-executor-thread-3746#
Step "Start App" finished#
#2026 09 11 14:23:43.286#Z#DEBUG#88040301-adeb-11f1-97e5-eeee0a8730ad.OPERATION#flowable-async-job-executor-thread-4053#
[RestartAppStep] Executing task "startAppTask" of process "5e5b882a-adec-11f1-97e5-eeee0a8730ad"...#
#2026 09 11 14:23:43.289#Z#DEBUG#88040301-adeb-11f1-97e5-eeee0a8730ad.OPERATION#flowable-async-job-executor-thread-4053#
[RestartAppStep] Application start timeout is default one: 3,600 seconds#
#2026 09 11 14:23:43.289#Z#DEBUG#88040301-adeb-11f1-97e5-eeee0a8730ad.OPERATION#flowable-async-job-executor-thread-4053#
[RestartAppStep] Checking status of application "workorder-ai-srv"...#
#2026 09 11 14:23:43.290#Z#DEBUG#88040301-adeb-11f1-97e5-eeee0a8730ad.OPERATION#flowable-async-job-executor-thread-4053#
[RestartAppStep] Getting instances for application "workorder-ai-srv"...#
#2026 09 11 14:23:43.326#Z#DEBUG#88040301-adeb-11f1-97e5-eeee0a8730ad.OPERATION#flowable-async-job-executor-thread-4053#
[RestartAppStep] Application "workorder-ai-srv": 0 of 1 instances running (1 starting)#
#2026 09 11 14:23:43.400#Z#DEBUG#88040301-adeb-11f1-97e5-eeee0a8730ad.OPERATION#flowable-async-job-executor-thread-4053#
Step "Start App" finished#
#2026 09 11 14:23:53.447#Z#DEBUG#88040301-adeb-11f1-97e5-eeee0a8730ad.OPERATION#flowable-async-job-executor-thread-4060#
[RestartAppStep] Executing task "startAppTask" of process "646eb5a2-adec-11f1-9f17-eeee0a8895d7"...#
#2026 09 11 14:23:53.449#Z#DEBUG#88040301-adeb-11f1-97e5-eeee0a8730ad.OPERATION#flowable-async-job-executor-thread-4060#
[RestartAppStep] Application start timeout is default one: 3,600 seconds#
#2026 09 11 14:23:53.450#Z#DEBUG#88040301-adeb-11f1-97e5-eeee0a8730ad.OPERATION#flowable-async-job-executor-thread-4060#
[RestartAppStep] Checking status of application "workorder-ai-srv"...#
#2026 09 11 14:23:53.451#Z#DEBUG#88040301-adeb-11f1-97e5-eeee0a8730ad.OPERATION#flowable-async-job-executor-thread-4060#
[RestartAppStep] Getting instances for application "workorder-ai-srv"...#
#2026 09 11 14:23:53.510#Z#DEBUG#88040301-adeb-11f1-97e5-eeee0a8730ad.OPERATION#flowable-async-job-executor-thread-4060#
[RestartAppStep] Application "workorder-ai-srv": 0 of 1 instances running (1 starting)#
#2026 09 11 14:23:53.538#Z#DEBUG#88040301-adeb-11f1-97e5-eeee0a8730ad.OPERATION#flowable-async-job-executor-thread-4060#
Step "Start App" finished#
#2026 09 11 14:24:03.670#Z#DEBUG#88040301-adeb-11f1-97e5-eeee0a8730ad.OPERATION#flowable-async-job-executor-thread-4068#
[RestartAppStep] Executing task "startAppTask" of process "6a797dc7-adec-11f1-9f17-eeee0a8895d7"...#
#2026 09 11 14:24:03.673#Z#DEBUG#88040301-adeb-11f1-97e5-eeee0a8730ad.OPERATION#flowable-async-job-executor-thread-4068#
[RestartAppStep] Application start timeout is default one: 3,600 seconds#
#2026 09 11 14:24:03.674#Z#DEBUG#88040301-adeb-11f1-97e5-eeee0a8730ad.OPERATION#flowable-async-job-executor-thread-4068#
[RestartAppStep] Checking status of application "workorder-ai-srv"...#
#2026 09 11 14:24:03.675#Z#DEBUG#88040301-adeb-11f1-97e5-eeee0a8730ad.OPERATION#flowable-async-job-executor-thread-4068#
[RestartAppStep] Getting instances for application "workorder-ai-srv"...#
#2026 09 11 14:24:03.723#Z#DEBUG#88040301-adeb-11f1-97e5-eeee0a8730ad.OPERATION#flowable-async-job-executor-thread-4068#
[RestartAppStep] Application "workorder-ai-srv": 0 of 1 instances running (1 starting)#
#2026 09 11 14:24:03.759#Z#DEBUG#88040301-adeb-11f1-97e5-eeee0a8730ad.OPERATION#flowable-async-job-executor-thread-4068#
Step "Start App" finished#
#2026 09 11 14:24:13.735#Z#DEBUG#88040301-adeb-11f1-97e5-eeee0a8730ad.OPERATION#flowable-async-job-executor-thread-4080#
[RestartAppStep] Executing task "startAppTask" of process "7090f0a3-adec-11f1-9f17-eeee0a8895d7"...#
#2026 09 11 14:24:13.740#Z#DEBUG#88040301-adeb-11f1-97e5-eeee0a8730ad.OPERATION#flowable-async-job-executor-thread-4080#
[RestartAppStep] Application start timeout is default one: 3,600 seconds#
#2026 09 11 14:24:13.743#Z#DEBUG#88040301-adeb-11f1-97e5-eeee0a8730ad.OPERATION#flowable-async-job-executor-thread-4080#
[RestartAppStep] Checking status of application "workorder-ai-srv"...#
#2026 09 11 14:24:13.745#Z#DEBUG#88040301-adeb-11f1-97e5-eeee0a8730ad.OPERATION#flowable-async-job-executor-thread-4080#
[RestartAppStep] Getting instances for application "workorder-ai-srv"...#
#2026 09 11 14:24:13.808#Z#DEBUG#88040301-adeb-11f1-97e5-eeee0a8730ad.OPERATION#flowable-async-job-executor-thread-4080#
[RestartAppStep] Application "workorder-ai-srv": 0 of 1 instances running (1 crashed)#
#2026 09 11 14:24:13.875#Z#ERROR#88040301-adeb-11f1-97e5-eeee0a8730ad.OPERATION#flowable-async-job-executor-thread-4080#
[RestartAppStep] Error starting application "workorder-ai-srv": Some instances have crashed. Check the application logs of your application for details.#
#2026 09 11 14:24:13.882#Z#INFO#88040301-adeb-11f1-97e5-eeee0a8730ad.OPERATION#flowable-async-job-executor-thread-4080#
[RestartAppStep] Download the MTA operation logs for more details.#
#2026 09 11 14:24:13.891#Z#DEBUG#88040301-adeb-11f1-97e5-eeee0a8730ad.OPERATION#flowable-async-job-executor-thread-4080#
Step "Start App" finished#
#2026 09 11 14:24:15.382#Z#DEBUG#88040301-adeb-11f1-97e5-eeee0a8730ad.OPERATION#flowable-async-job-executor-thread-3430#
[RestartAppStep] Executing task "startAppTask" of process "7090f0a3-adec-11f1-9f17-eeee0a8895d7"...#
#2026 09 11 14:24:15.386#Z#DEBUG#88040301-adeb-11f1-97e5-eeee0a8730ad.OPERATION#flowable-async-job-executor-thread-3430#
[RestartAppStep] Application start timeout is default one: 3,600 seconds#
#2026 09 11 14:24:15.398#Z#DEBUG#88040301-adeb-11f1-97e5-eeee0a8730ad.OPERATION#flowable-async-job-executor-thread-3430#
[RestartAppStep] Getting application "workorder-ai-srv"...#
#2026 09 11 14:24:15.427#Z#INFO#88040301-adeb-11f1-97e5-eeee0a8730ad.OPERATION#flowable-async-job-executor-thread-3430#
[RestartAppStep] Stopping application "workorder-ai-srv"...#
#2026 09 11 14:24:15.434#Z#DEBUG#88040301-adeb-11f1-97e5-eeee0a8730ad.OPERATION#flowable-async-job-executor-thread-3430#
[RestartAppStep] Stopping application "workorder-ai-srv"...#
#2026 09 11 14:24:15.563#Z#INFO#88040301-adeb-11f1-97e5-eeee0a8730ad.OPERATION#flowable-async-job-executor-thread-3430#
[RestartAppStep] Starting application "workorder-ai-srv"...#
#2026 09 11 14:24:15.570#Z#DEBUG#88040301-adeb-11f1-97e5-eeee0a8730ad.OPERATION#flowable-async-job-executor-thread-3430#
[RestartAppStep] Starting application "workorder-ai-srv"...#
#2026 09 11 14:24:15.802#Z#DEBUG#88040301-adeb-11f1-97e5-eeee0a8730ad.OPERATION#flowable-async-job-executor-thread-3430#
Step "Start App" finished#
#2026 09 11 14:24:23.983#Z#DEBUG#88040301-adeb-11f1-97e5-eeee0a8730ad.OPERATION#flowable-async-job-executor-thread-4087#
[RestartAppStep] Executing task "startAppTask" of process "77bedc50-adec-11f1-959c-eeee0a885ec7"...#
#2026 09 11 14:24:23.985#Z#DEBUG#88040301-adeb-11f1-97e5-eeee0a8730ad.OPERATION#flowable-async-job-executor-thread-4087#
[RestartAppStep] Application start timeout is default one: 3,600 seconds#
#2026 09 11 14:24:24.049#Z#DEBUG#88040301-adeb-11f1-97e5-eeee0a8730ad.OPERATION#flowable-async-job-executor-thread-4087#
[RestartAppStep] Checking status of application "workorder-ai-srv"...#
#2026 09 11 14:24:24.052#Z#DEBUG#88040301-adeb-11f1-97e5-eeee0a8730ad.OPERATION#flowable-async-job-executor-thread-4087#
[RestartAppStep] Getting instances for application "workorder-ai-srv"...#
#2026 09 11 14:24:24.127#Z#DEBUG#88040301-adeb-11f1-97e5-eeee0a8730ad.OPERATION#flowable-async-job-executor-thread-4087#
[RestartAppStep] Application "workorder-ai-srv": 0 of 1 instances running (1 starting)#
#2026 09 11 14:24:24.179#Z#DEBUG#88040301-adeb-11f1-97e5-eeee0a8730ad.OPERATION#flowable-async-job-executor-thread-4087#
Step "Start App" finished#
#2026 09 11 14:24:34.230#Z#DEBUG#88040301-adeb-11f1-97e5-eeee0a8730ad.OPERATION#flowable-async-job-executor-thread-4090#
[RestartAppStep] Executing task "startAppTask" of process "7cbe00ff-adec-11f1-9f17-eeee0a8895d7"...#
#2026 09 11 14:24:34.233#Z#DEBUG#88040301-adeb-11f1-97e5-eeee0a8730ad.OPERATION#flowable-async-job-executor-thread-4090#
[RestartAppStep] Application start timeout is default one: 3,600 seconds#
#2026 09 11 14:24:34.234#Z#DEBUG#88040301-adeb-11f1-97e5-eeee0a8730ad.OPERATION#flowable-async-job-executor-thread-4090#
[RestartAppStep] Checking status of application "workorder-ai-srv"...#
#2026 09 11 14:24:34.235#Z#DEBUG#88040301-adeb-11f1-97e5-eeee0a8730ad.OPERATION#flowable-async-job-executor-thread-4090#
[RestartAppStep] Getting instances for application "workorder-ai-srv"...#
#2026 09 11 14:24:34.270#Z#DEBUG#88040301-adeb-11f1-97e5-eeee0a8730ad.OPERATION#flowable-async-job-executor-thread-4090#
[RestartAppStep] Application "workorder-ai-srv": 0 of 1 instances running (1 starting)#
#2026 09 11 14:24:34.314#Z#DEBUG#88040301-adeb-11f1-97e5-eeee0a8730ad.OPERATION#flowable-async-job-executor-thread-4090#
Step "Start App" finished#
#2026 09 11 14:24:44.332#Z#DEBUG#88040301-adeb-11f1-97e5-eeee0a8730ad.OPERATION#flowable-async-job-executor-thread-4097#
[RestartAppStep] Executing task "startAppTask" of process "82c85454-adec-11f1-9f17-eeee0a8895d7"...#
#2026 09 11 14:24:44.338#Z#DEBUG#88040301-adeb-11f1-97e5-eeee0a8730ad.OPERATION#flowable-async-job-executor-thread-4097#
[RestartAppStep] Application start timeout is default one: 3,600 seconds#
#2026 09 11 14:24:44.339#Z#DEBUG#88040301-adeb-11f1-97e5-eeee0a8730ad.OPERATION#flowable-async-job-executor-thread-4097#
[RestartAppStep] Checking status of application "workorder-ai-srv"...#
#2026 09 11 14:24:44.344#Z#DEBUG#88040301-adeb-11f1-97e5-eeee0a8730ad.OPERATION#flowable-async-job-executor-thread-4097#
[RestartAppStep] Getting instances for application "workorder-ai-srv"...#
#2026 09 11 14:24:44.394#Z#DEBUG#88040301-adeb-11f1-97e5-eeee0a8730ad.OPERATION#flowable-async-job-executor-thread-4097#
[RestartAppStep] Application "workorder-ai-srv": 0 of 1 instances running (1 starting)#
#2026 09 11 14:24:44.460#Z#DEBUG#88040301-adeb-11f1-97e5-eeee0a8730ad.OPERATION#flowable-async-job-executor-thread-4097#
Step "Start App" finished#
#2026 09 11 14:24:54.302#Z#DEBUG#88040301-adeb-11f1-97e5-eeee0a8730ad.OPERATION#flowable-async-job-executor-thread-3469#
[RestartAppStep] Executing task "startAppTask" of process "88d519ac-adec-11f1-9f17-eeee0a8895d7"...#
#2026 09 11 14:24:54.307#Z#DEBUG#88040301-adeb-11f1-97e5-eeee0a8730ad.OPERATION#flowable-async-job-executor-thread-3469#
[RestartAppStep] Application start timeout is default one: 3,600 seconds#
#2026 09 11 14:24:54.310#Z#DEBUG#88040301-adeb-11f1-97e5-eeee0a8730ad.OPERATION#flowable-async-job-executor-thread-3469#
[RestartAppStep] Checking status of application "workorder-ai-srv"...#
#2026 09 11 14:24:54.313#Z#DEBUG#88040301-adeb-11f1-97e5-eeee0a8730ad.OPERATION#flowable-async-job-executor-thread-3469#
[RestartAppStep] Getting instances for application "workorder-ai-srv"...#
#2026 09 11 14:24:54.355#Z#DEBUG#88040301-adeb-11f1-97e5-eeee0a8730ad.OPERATION#flowable-async-job-executor-thread-3469#
[RestartAppStep] Application "workorder-ai-srv": 0 of 1 instances running (1 starting)#
#2026 09 11 14:24:54.391#Z#DEBUG#88040301-adeb-11f1-97e5-eeee0a8730ad.OPERATION#flowable-async-job-executor-thread-3469#
Step "Start App" finished#
#2026 09 11 14:25:04.415#Z#DEBUG#88040301-adeb-11f1-97e5-eeee0a8730ad.OPERATION#flowable-async-job-executor-thread-4110#
[RestartAppStep] Executing task "startAppTask" of process "8ebf13bc-adec-11f1-959c-eeee0a885ec7"...#
#2026 09 11 14:25:04.419#Z#DEBUG#88040301-adeb-11f1-97e5-eeee0a8730ad.OPERATION#flowable-async-job-executor-thread-4110#
[RestartAppStep] Application start timeout is default one: 3,600 seconds#
#2026 09 11 14:25:04.421#Z#DEBUG#88040301-adeb-11f1-97e5-eeee0a8730ad.OPERATION#flowable-async-job-executor-thread-4110#
[RestartAppStep] Checking status of application "workorder-ai-srv"...#
#2026 09 11 14:25:04.421#Z#DEBUG#88040301-adeb-11f1-97e5-eeee0a8730ad.OPERATION#flowable-async-job-executor-thread-4110#
[RestartAppStep] Getting instances for application "workorder-ai-srv"...#
#2026 09 11 14:25:04.455#Z#DEBUG#88040301-adeb-11f1-97e5-eeee0a8730ad.OPERATION#flowable-async-job-executor-thread-4110#
[RestartAppStep] Application "workorder-ai-srv": 0 of 1 instances running (1 starting)#
#2026 09 11 14:25:04.505#Z#DEBUG#88040301-adeb-11f1-97e5-eeee0a8730ad.OPERATION#flowable-async-job-executor-thread-4110#
Step "Start App" finished#
#2026 09 11 14:25:14.575#Z#DEBUG#88040301-adeb-11f1-97e5-eeee0a8730ad.OPERATION#flowable-async-job-executor-thread-3479#
[RestartAppStep] Executing task "startAppTask" of process "94c6a75a-adec-11f1-9f17-eeee0a8895d7"...#
#2026 09 11 14:25:14.578#Z#DEBUG#88040301-adeb-11f1-97e5-eeee0a8730ad.OPERATION#flowable-async-job-executor-thread-3479#
[RestartAppStep] Application start timeout is default one: 3,600 seconds#
#2026 09 11 14:25:14.579#Z#DEBUG#88040301-adeb-11f1-97e5-eeee0a8730ad.OPERATION#flowable-async-job-executor-thread-3479#
[RestartAppStep] Checking status of application "workorder-ai-srv"...#
#2026 09 11 14:25:14.580#Z#DEBUG#88040301-adeb-11f1-97e5-eeee0a8730ad.OPERATION#flowable-async-job-executor-thread-3479#
[RestartAppStep] Getting instances for application "workorder-ai-srv"...#
#2026 09 11 14:25:14.637#Z#DEBUG#88040301-adeb-11f1-97e5-eeee0a8730ad.OPERATION#flowable-async-job-executor-thread-3479#
[RestartAppStep] Application "workorder-ai-srv": 0 of 1 instances running (1 crashed)#
#2026 09 11 14:25:14.672#Z#ERROR#88040301-adeb-11f1-97e5-eeee0a8730ad.OPERATION#flowable-async-job-executor-thread-3479#
[RestartAppStep] Error starting application "workorder-ai-srv": Some instances have crashed. Check the application logs of your application for details.#
#2026 09 11 14:25:14.680#Z#INFO#88040301-adeb-11f1-97e5-eeee0a8730ad.OPERATION#flowable-async-job-executor-thread-3479#
[RestartAppStep] Download the MTA operation logs for more details.#
#2026 09 11 14:25:14.686#Z#DEBUG#88040301-adeb-11f1-97e5-eeee0a8730ad.OPERATION#flowable-async-job-executor-thread-3479#
Step "Start App" finished#
